ID,Company,Title,Location,Status,URL
"in-e5d5710a55b1dcb1","Rewards Network","Field Sales Account Executive- Minneapolis MN","Remote, US","external_application","https://www.indeed.com/viewjob?jk=e5d5710a55b1dcb1"
"in-476e3f83d0db4867","Speckle","Enterprise Customer Success Lead","US","external_application","https://www.indeed.com/viewjob?jk=476e3f83d0db4867"
"in-56976a6101864443","accrete","Customer Success Manager - INDOPACOM","HI, US","external_application","https://www.indeed.com/viewjob?jk=56976a6101864443"
"in-e66fdd78cb25095a","Insurance Office of America","Account Manager - Commercial Lines","Austin, TX, US","external_application","https://www.indeed.com/viewjob?jk=e66fdd78cb25095a"
"in-9d22baebf12ee8a8","FIRST ADVANTAGE","Customer Success Director (Financial Services Vertical)","Remote, US","external_application","https://www.indeed.com/viewjob?jk=9d22baebf12ee8a8"
"in-52e553b3b87225bd","WTW","Property Broker","New York, NY, US","external_application","https://www.indeed.com/viewjob?jk=52e553b3b87225bd"
"in-b892223b9e75fe7b","Opus Training Inc.","Customer Success Manager","US","external_application","https://www.indeed.com/viewjob?jk=b892223b9e75fe7b"
"in-9aa42cafc3cbbadc","KOMBO","Technical Account Manager","New York, NY, US","external_application","https://www.indeed.com/viewjob?jk=9aa42cafc3cbbadc"
"in-59c309ea33df8d6a","Coverall","Outside Sales - B2B-B2C","Madison, WI, US","external_application","https://www.indeed.com/viewjob?jk=59c309ea33df8d6a"
"in-b0a3fd8bc98903a2","Rippling","Manager, Customer Success Management","New York, NY, US","external_application","https://www.indeed.com/viewjob?jk=b0a3fd8bc98903a2"
"in-d2eae56e97a64f79","WTW","Property Broker","US","external_application","https://www.indeed.com/viewjob?jk=d2eae56e97a64f79"
"in-e59ce7369d0a47f2","Insurance Office of America","Account Manager - Commercial Lines","Austin, TX, US","external_application","https://www.indeed.com/viewjob?jk=e59ce7369d0a47f2"
"in-3b0c0d43f5baf277","Press Ganey","Senior Account Director, Rio SEO (Local Experience Platform)","Austin, TX, US","external_application","https://www.indeed.com/viewjob?jk=3b0c0d43f5baf277"
"in-7ac6511181c4a24a","accrete","Customer Success Manager","Alexandria, VA, US","external_application","https://www.indeed.com/viewjob?jk=7ac6511181c4a24a"
"in-c4bc77e5b695e572","FIRST ADVANTAGE","Customer Success Director (Retail Vertical)","Remote, US","external_application","https://www.indeed.com/viewjob?jk=c4bc77e5b695e572"
"in-ee2c755f91fd61e3","Rx Redefined","Clinical Specialist","Detroit, MI, US","pending_review","https://www.indeed.com/viewjob?jk=ee2c755f91fd61e3"
"in-0c5a4b1300d41d25","Blooming Health","Customer Success Manager - SMB & Enterprise","New York, NY, US","pending_review","https://www.indeed.com/viewjob?jk=0c5a4b1300d41d25"
"in-6aeb9df02f5c8443","A Clean Look","Outside Sales Representative – Facilities Maintenance","Saint Paul, MN, US","pending_review","https://www.indeed.com/viewjob?jk=6aeb9df02f5c8443"
"in-eaf63e5807ade9b0","Broadsheet Communications","Public Relations Account Director - Hybrid","New York, NY, US","pending_review","https://www.indeed.com/viewjob?jk=eaf63e5807ade9b0"
"in-f32616eea0d331d2","Doppel Farmaceutici","Mid-Market Account Executive - Gulf Coast","Austin, TX, US","pending_review","https://www.indeed.com/viewjob?jk=f32616eea0d331d2"
"in-bd781f33957068aa","Rx Redefined","Clinical Specialist","Chicago, IL, US","pending_review","https://www.indeed.com/viewjob?jk=bd781f33957068aa"
"in-eee6085f237343da","MHT Lighting","Area Business Development Manager","Atlanta, GA, US","external_application","https://www.indeed.com/viewjob?jk=eee6085f237343da"
"in-0b1aebe3c212be3d","GSES","IT Account / Client Success Manager (Microsoft Knowledge Req.)","Folsom, CA, US","external_application","https://www.indeed.com/viewjob?jk=0b1aebe3c212be3d"
"in-d27664afef65784d","MHT Lighting","Area Business Development Manager","New York, NY, US","external_application","https://www.indeed.com/viewjob?jk=d27664afef65784d"
"in-72b9bf17e2c692bf","Lightricks","Customer Success Manager","Chicago, IL, US","external_application","https://www.indeed.com/viewjob?jk=72b9bf17e2c692bf"
"in-061f3a53a18917df","AppCard","Customer Success Manager North Carolina (Remote)","NC, US","external_application","https://www.indeed.com/viewjob?jk=061f3a53a18917df"
"in-8dc2ba99ea1d2ff0","Nexthink","Senior Customer Success Manager","Boston, MA, US","external_application","https://www.indeed.com/viewjob?jk=8dc2ba99ea1d2ff0"
"in-2f3eae2c244cd29d","Lightricks","Customer Success Manager","Chicago, IL, US","external_application","https://www.indeed.com/viewjob?jk=2f3eae2c244cd29d"
"in-41ce7207df625d74","MHT Lighting","Area Business Development Manager","Austin, TX, US","external_application","https://www.indeed.com/viewjob?jk=41ce7207df625d74"
"in-71dd674225f5d688","Macrobond Financial AB","Customer Success Manager","MN, US","external_application","https://www.indeed.com/viewjob?jk=71dd674225f5d688"
"in-7e75015f2c399c56","AppCard","Customer Success Manager Texas (Remote)","TX, US","external_application","https://www.indeed.com/viewjob?jk=7e75015f2c399c56"
"in-1644ba71ec1a46e5","Meazure Learning","Customer Success Manager","McLean, VA, US","external_application","https://www.indeed.com/viewjob?jk=1644ba71ec1a46e5"
"in-aa55d12301e614cf","Worth AI","Customer Success Manager (CSM)","Orlando, FL, US","pending_review","https://www.indeed.com/viewjob?jk=aa55d12301e614cf"
"in-33d70c9f8e44967a","UrbanBound","Associate Customer Success Manager (Remote)","Remote, US","pending_review","https://www.indeed.com/viewjob?jk=33d70c9f8e44967a"
"in-5852793c31c464fb","Carras Services LLC","Business Development Associate","Parsippany-Troy Hills, NJ, US","pending_review","https://www.indeed.com/viewjob?jk=5852793c31c464fb"
"in-a7e3920aa440e91c","Workato","Senior Customer Success Manager","Palo Alto, CA, US","pending_review","https://www.indeed.com/viewjob?jk=a7e3920aa440e91c"
"in-4f2c2c24f2b726ad","Buxton Company","Customer Success Manager (Marketing Solutions)","Remote, US","pending_review","https://www.indeed.com/viewjob?jk=4f2c2c24f2b726ad"
"in-4943a6dc8cd0fa81","Zonda Home","Customer Success Manager","US","pending_review","https://www.indeed.com/viewjob?jk=4943a6dc8cd0fa81"
"in-e5fc0a3232e11410","Ambient Skies Productions","Senior Client Success Manager","Phoenix, AZ, US","pending_review","https://www.indeed.com/viewjob?jk=e5fc0a3232e11410"
"in-22fd5bbeee10adf7","Nexthink","Senior Customer Success Manager","Chicago, IL, US","pending_review","https://www.indeed.com/viewjob?jk=22fd5bbeee10adf7"
"in-c8391cbe7c626460","Dovetail","Enterprise Customer Success Manager - East Coast","US","external_application","https://www.indeed.com/viewjob?jk=c8391cbe7c626460"
"in-4f4b27049f107dfb","Redpanda","Customer Success Manager","Austin, TX, US","external_application","https://www.indeed.com/viewjob?jk=4f4b27049f107dfb"
"in-4fa3bd143f40fb2e","Visit.org","Enterprise Accounts Customer Success Manager","New York, NY, US","external_application","https://www.indeed.com/viewjob?jk=4fa3bd143f40fb2e"
"in-4a23f2a3746d1050","Otelier","Director, Customer Success Management","US","external_application","https://www.indeed.com/viewjob?jk=4a23f2a3746d1050"
"in-6b8efa9d2a9c470b","Exact Sciences","Customer Success Manager","Redwood City, CA, US","external_application","https://www.indeed.com/viewjob?jk=6b8efa9d2a9c470b"
"in-76d6b9e9793ca991","Nearmap","Customer Success Manager","Carlsbad, CA, US","external_application","https://www.indeed.com/viewjob?jk=76d6b9e9793ca991"
"in-fbe6c682c0d0bcc4","Homebot","Customer Success Manager","Denver, CO, US","external_application","https://www.indeed.com/viewjob?jk=fbe6c682c0d0bcc4"
"in-80a0b4174d4fcd6d","Lightricks","Customer Success Manager - LTX","New York, NY, US","external_application","https://www.indeed.com/viewjob?jk=80a0b4174d4fcd6d"
"in-04aa6f8cc7597edc","Exact Sciences","Customer Success Manager","Madison, WI, US","external_application","https://www.indeed.com/viewjob?jk=04aa6f8cc7597edc"
"in-0fac5d6ae281bf33","Visit.org","Enterprise Accounts Customer Success Manager","Austin, TX, US","external_application","https://www.indeed.com/viewjob?jk=0fac5d6ae281bf33"
"in-d9c91d8a9b8056c1","OneSource Virtual","Sr. Customer Success Manager","Remote, US","external_application","https://www.indeed.com/viewjob?jk=d9c91d8a9b8056c1"
"in-c2c628850f0c5150","Visit.org","Enterprise Accounts Customer Success Manager","Remote, US","external_application","https://www.indeed.com/viewjob?jk=c2c628850f0c5150"
"in-f4c995360e31a2e0","Dovetail","Enterprise Customer Success Manager - West Coast","US","external_application","https://www.indeed.com/viewjob?jk=f4c995360e31a2e0"
"in-f72c896a79b5aefd","kontakt.io","Customer Success Manager","Remote, US","external_application","https://www.indeed.com/viewjob?jk=f72c896a79b5aefd"
"in-448867c2a6099649","accrete","Customer Success Manager (SOCOM/CENTCOM)","Tampa, FL, US","external_application","https://www.indeed.com/viewjob?jk=448867c2a6099649"
"in-be5824653657b3da","SendJim","Customer Success Manager","Nashville, TN, US","pending_review","https://www.indeed.com/viewjob?jk=be5824653657b3da"
"in-b61801ff32ed490a","nan","Associate Director, Customer Success","US","pending_review","https://www.indeed.com/viewjob?jk=b61801ff32ed490a"
"in-5ef48434db8295c4","Lightricks","Customer Success Manager - LTX","New York, NY, US","pending_review","https://www.indeed.com/viewjob?jk=5ef48434db8295c4"
"in-c8de66d88e04f34c","F45 Training","JOIN OUR CUSTOMER SUCCESS TEAM - LEAD NURTURE CONVERSION SPECIALIST","Round Rock, TX, US","pending_review","https://www.indeed.com/viewjob?jk=c8de66d88e04f34c"
"in-cb837fe6a5c3a85b","Clear Capital","Customer Success Manager - MLS","Remote, US","pending_review","https://www.indeed.com/viewjob?jk=cb837fe6a5c3a85b"
"in-fec81002ce892dc8","Microsoft","Customer Success Account Manager - CTJ - TS/SCI","Washington, DC, US","external_application","https://www.indeed.com/viewjob?jk=fec81002ce892dc8"
"in-2cb2cb1cf6e47f99","Sinch","Sr Customer Success Manager","Atlanta, GA, US","external_application","https://www.indeed.com/viewjob?jk=2cb2cb1cf6e47f99"
"in-7111dadc2d831849","KnowBe4","Account Manager (Mid-Market) (Hybrid)","Clearwater, FL, US","external_application","https://www.indeed.com/viewjob?jk=7111dadc2d831849"
"in-a03a626a5538d1c2","Atlassian","Senior Customer Success Manager, DX","New York, NY, US","external_application","https://www.indeed.com/viewjob?jk=a03a626a5538d1c2"
"in-816943c6e401a182","ServiceNow","Associate Customer Success Manager","West Palm Beach, FL, US","external_application","https://www.indeed.com/viewjob?jk=816943c6e401a182"
"in-67452ae08891ff40","Jonas Software","Customer Success Account Manager","Remote, US","external_application","https://www.indeed.com/viewjob?jk=67452ae08891ff40"
"in-6bf2a2825f938f5e","SpyCloud","Technical Account Manager","Austin, TX, US","external_application","https://www.indeed.com/viewjob?jk=6bf2a2825f938f5e"
"in-4d57bf82a8c7e334","Ascendion","Customer Success Manager","Plano, TX, US","external_application","https://www.indeed.com/viewjob?jk=4d57bf82a8c7e334"
"in-310483f7caa81b70","Rippling","Account Manager- SMB, Growth & Retention (Partner Referred Business)","Austin, TX, US","external_application","https://www.indeed.com/viewjob?jk=310483f7caa81b70"
"in-f9eda67496111f1c","Lilt- Lega Italiana per la Lotta contro i Tumori","Customer Success Manager, Enterprise","New York, NY, US","external_application","https://www.indeed.com/viewjob?jk=f9eda67496111f1c"
"in-37d4f97d22b81749","Atlassian","Principal Customer Success Manager, DX","San Francisco, CA, US","external_application","https://www.indeed.com/viewjob?jk=37d4f97d22b81749"
"in-b8860929189b2a0c","Safeguard Global","Account Manager","US","external_application","https://www.indeed.com/viewjob?jk=b8860929189b2a0c"
"in-8535b340130ae39d","Certinia","Manager, Customer Success","Austin, TX, US","external_application","https://www.indeed.com/viewjob?jk=8535b340130ae39d"
"in-ff9e26524991b12d","Rippling","Account Manager- SMB, Growth & Retention (Partner Referred Business)","San Francisco, CA, US","external_application","https://www.indeed.com/viewjob?jk=ff9e26524991b12d"
"in-414179bf8d358ffe","ServiceTitan","Customer Success Manager","CA, US","pending_review","https://www.indeed.com/viewjob?jk=414179bf8d358ffe"
"in-243d5c17714da4fc","BioProtein Technology","Wholesale Channel Manager & Customer Success Specialist","Tampa, FL, US","pending_review","https://www.indeed.com/viewjob?jk=243d5c17714da4fc"
"in-53a869b3be0048cb","ServiceNow","Renewal Account Manager","Vienna, VA, US","pending_review","https://www.indeed.com/viewjob?jk=53a869b3be0048cb"
"in-c10e0d75a50d5df3","TRUSTWELL","Senior Customer Success Manager","Remote, US","pending_review","https://www.indeed.com/viewjob?jk=c10e0d75a50d5df3"
"in-0594a460940920f2","eWay System","A fast-growing B2B SaaS is looking for talented Customer Success Managers!","Kansas City, MO, US","pending_review","https://www.indeed.com/viewjob?jk=0594a460940920f2"
"in-9af5d92869ffef46","JLL","Director, Technology Customer Success","New York, NY, US","pending_review","https://www.indeed.com/viewjob?jk=9af5d92869ffef46"
"in-82f00d00c43094ed","Danfoss","Global Key Account Manager","Milwaukee, WI, US","external_application","https://www.indeed.com/viewjob?jk=82f00d00c43094ed"
"in-2ac4282d2a79a4ef","Intuit","Key Account Manager","Atlanta, GA, US","external_application","https://www.indeed.com/viewjob?jk=2ac4282d2a79a4ef"
"in-b59bf54cd2a8e02d","Intuit","Key Account Manager","Atlanta, GA, US","external_application","https://www.indeed.com/viewjob?jk=b59bf54cd2a8e02d"
"in-b436620511441187","iRhythm Technologies","Key Account Manager - Portland, OR","Remote, US","external_application","https://www.indeed.com/viewjob?jk=b436620511441187"
"in-12968ae203bcec4f","Thales","Channel Account Manager Enablement Program Manager","Wilmington, DE, US","external_application","https://www.indeed.com/viewjob?jk=12968ae203bcec4f"
"in-f21870804069a34e","Uneekor","Account Manager - Reseller","Dallas, TX, US","external_application","https://www.indeed.com/viewjob?jk=f21870804069a34e"
"in-2a91425720e58620","Intuit","Key Account Manager","Atlanta, GA, US","external_application","https://www.indeed.com/viewjob?jk=2a91425720e58620"
"in-20a6a9e6d4ac28aa","Texan Insurance","Commercial Insurance Account Manager - J&M","Austin, TX, US","external_application","https://www.indeed.com/viewjob?jk=20a6a9e6d4ac28aa"
"in-36d862f83d73fd7e","Keysight Technologies","Partner Account Manager - Distribution Support and Sales","Santa Clara, CA, US","external_application","https://www.indeed.com/viewjob?jk=36d862f83d73fd7e"
"in-3ff3ef8a6e0308a3","Keysight Technologies","Partner Account Manager - Distribution Support and Sales","Santa Clara, CA, US","external_application","https://www.indeed.com/viewjob?jk=3ff3ef8a6e0308a3"
"in-96c5ae3ef233ccf3","Health Net","Senior Provider Engagement Account Manager","CA, US","external_application","https://www.indeed.com/viewjob?jk=96c5ae3ef233ccf3"
"in-3f9f8dff2b8cd8b3","Texan Insurance","Commercial Insurance Account Manager - J&M","Austin, TX, US","external_application","https://www.indeed.com/viewjob?jk=3f9f8dff2b8cd8b3"
"in-b3f16c9754d63905","Clarivate","Senior Account Manager","Philadelphia, PA, US","external_application","https://www.indeed.com/viewjob?jk=b3f16c9754d63905"
"in-164e821f6f06df83","Wheel","Strategic Account Manager","Remote, US","external_application","https://www.indeed.com/viewjob?jk=164e821f6f06df83"
"in-e1a5b51e5ee539d5","Intuit","Key Account Manager","Atlanta, GA, US","external_application","https://www.indeed.com/viewjob?jk=e1a5b51e5ee539d5"
"in-5eec83a043855d9c","Centene","Provider Engagement Account Manager","IL, US","external_application","https://www.indeed.com/viewjob?jk=5eec83a043855d9c"
"in-946ae885bc4ce136","Centene","Provider Engagement Account Manager","KY, US","external_application","https://www.indeed.com/viewjob?jk=946ae885bc4ce136"
"in-925bad7fc16eb0bb","Zander Insurance Agency","Personal Lines Account Manager","Nashville, TN, US","external_application","https://www.indeed.com/viewjob?jk=925bad7fc16eb0bb"
"in-3544c6dd704570c2","Thales","Channel Account Manager","Austin, TX, US","external_application","https://www.indeed.com/viewjob?jk=3544c6dd704570c2"
"in-bdba955ed24fbba7","Rippling","Account Manager- Mid-Market, Growth & Retention (Core)","Austin, TX, US","external_application","https://www.indeed.com/viewjob?jk=bdba955ed24fbba7"
"in-531db090c262253e","Pure Storage","Partner Account Manager - SLED","Austin, TX, US","external_application","https://www.indeed.com/viewjob?jk=531db090c262253e"
"in-be124c4a397b5bdd","SpyCloud","Senior Technical Account Manager (TAM), Team Lead","Austin, TX, US","external_application","https://www.indeed.com/viewjob?jk=be124c4a397b5bdd"
"in-249a42c753cae0f1","KnowBe4","Channel Account Manager (LATAM) (Hybrid) (Spanish Speaking)","Clearwater, FL, US","pending_review","https://www.indeed.com/viewjob?jk=249a42c753cae0f1"
"in-d7f943c78594848b","Briggs Industrial Solutions","Account Manager","New Braunfels, TX, US","pending_review","https://www.indeed.com/viewjob?jk=d7f943c78594848b"
"in-4f76e6f1bcbe6b88","Briggs Industrial Solutions","Account Manager","New Braunfels, TX, US","pending_review","https://www.indeed.com/viewjob?jk=4f76e6f1bcbe6b88"
"in-eec354c4b26b185a","RENT COM, INC","Entry Level Account Manager- Audio Visual Rentals","Elk Grove Village, IL, US","pending_review","https://www.indeed.com/viewjob?jk=eec354c4b26b185a"
"in-aa9e369020e33251","Frontify AG","Enterprise Customer Success Manager","New York, NY, US","external_application","https://www.indeed.com/viewjob?jk=aa9e369020e33251"
"in-8927a19761b0d6b6","Burkhart Dental","Sales Account Manager","Austin, TX, US","external_application","https://www.indeed.com/viewjob?jk=8927a19761b0d6b6"
"in-0a584a000e005158","CarNow","Account Manager","Syracuse, NY, US","external_application","https://www.indeed.com/viewjob?jk=0a584a000e005158"
"in-2841eb6da8a8938b","LeanData","Director, Mid Market Customer Success","Santa Clara, CA, US","external_application","https://www.indeed.com/viewjob?jk=2841eb6da8a8938b"
"in-43121868de92e175","State Farm","Account Manager - State Farm Agent Team Member","San Marcos, TX, US","external_application","https://www.indeed.com/viewjob?jk=43121868de92e175"
"in-5ed210762753dee5","Intuit","Group Manager, Customer Success, Mid-Market","Atlanta, GA, US","external_application","https://www.indeed.com/viewjob?jk=5ed210762753dee5"
"in-a9b8dd6f37bd727f","Granola","Founding Customer Success Manager","San Francisco, CA, US","external_application","https://www.indeed.com/viewjob?jk=a9b8dd6f37bd727f"
"in-aa2ab505b7c9d653","Famly","Head of US Customer Success","Washington, DC, US","external_application","https://www.indeed.com/viewjob?jk=aa2ab505b7c9d653"
"in-7b6a9a57a69985cf","Kaplan","Client Success Manager","Remote, US","external_application","https://www.indeed.com/viewjob?jk=7b6a9a57a69985cf"
"in-5c1c770f2eced228","inquirED","Implementation Success Manager","Remote, US","external_application","https://www.indeed.com/viewjob?jk=5c1c770f2eced228"
"in-18c040dd0277db8f","MVR Digital","Account Manager/ Client Success Manager - Digital Marketing Agency","Denver, CO, US","pending_review","https://www.indeed.com/viewjob?jk=18c040dd0277db8f"
"in-4b9c582466f29c1a","nan","Allstate Sales Account Manager","Lake Charles, LA, US","pending_review","https://www.indeed.com/viewjob?jk=4b9c582466f29c1a"
"in-331f83902ed89bef","Circadia Health","Senior Customer Success Manager","New York, NY, US","pending_review","https://www.indeed.com/viewjob?jk=331f83902ed89bef"
"in-6af9efeb77660921","Applied Medical","N. Austin Account Manager or Account Manager Associate","Austin, TX, US","pending_review","https://www.indeed.com/viewjob?jk=6af9efeb77660921"
"in-75a398c2eeae6b23","Talkdesk","Sr. Enterprise Account Executive III, Financial Services","Remote, US","external_application","https://www.indeed.com/viewjob?jk=75a398c2eeae6b23"
"in-76650cef8eaeacdf","GHX","Account Development Representative","Remote, US","external_application","https://www.indeed.com/viewjob?jk=76650cef8eaeacdf"
"in-6e5c89446cf1f5c1","Raven Controls","Account Executive - Sports & Entertainment (East)","Remote, US","external_application","https://www.indeed.com/viewjob?jk=6e5c89446cf1f5c1"
"in-2a859a095f63128d","Red Ventures","Account Coordinator | MYMOVE","Charlotte, NC, US","external_application","https://www.indeed.com/viewjob?jk=2a859a095f63128d"
"in-3566d58cd2351be9","Workday","Account Executive - Medium Enterprise, Customer Base","Chicago, IL, US","external_application","https://www.indeed.com/viewjob?jk=3566d58cd2351be9"
"in-f33b09946f37cef3","Iovance Biotherapeutics","Cell Therapy Account Management - North Carolina/South Carolina","Carolina Forest, NC, US","external_application","https://www.indeed.com/viewjob?jk=f33b09946f37cef3"
"in-61bd7130b36fcf88","BillionToOne","Account Executive","Beverly Hills, CA, US","external_application","https://www.indeed.com/viewjob?jk=61bd7130b36fcf88"
"in-9bc8de504d3e6405","Team Housing Solutions, Inc.","Senior Sales Account Executive- Data Center Solutions","New Braunfels, TX, US","external_application","https://www.indeed.com/viewjob?jk=9bc8de504d3e6405"
"in-7d163c000f6bd077","AQUA Dermatology","Patient Account Representative","Fort Myers, FL, US","external_application","https://www.indeed.com/viewjob?jk=7d163c000f6bd077"
"in-178215ef0af37306","Equifax","Account Executive - Comms, Energy, and Travel","Austin, TX, US","external_application","https://www.indeed.com/viewjob?jk=178215ef0af37306"
"in-0a505c0dd0b7e078","Quadient","Major Account Executive","Detroit, MI, US","external_application","https://www.indeed.com/viewjob?jk=0a505c0dd0b7e078"
"in-66acdca23d37b202","FRONT","SMB Account Executive","San Francisco, CA, US","external_application","https://www.indeed.com/viewjob?jk=66acdca23d37b202"
"in-524539adefbc7ade","FRONT","SMB Account Executive","Chicago, IL, US","external_application","https://www.indeed.com/viewjob?jk=524539adefbc7ade"
"in-6455bffd0cb06d08","Atlassian","Manager, Account Associates","Austin, TX, US","external_application","https://www.indeed.com/viewjob?jk=6455bffd0cb06d08"
"in-0dae198651c72a1b","Invid","IT Sales Account Executive","San Juan, PR, US","pending_review","https://www.indeed.com/viewjob?jk=0dae198651c72a1b"
"in-b1f7e4fcefcd5af5","Global Payments","Client Success Manager- Chargeback","Charlotte, NC, US","pending_review","https://www.indeed.com/viewjob?jk=b1f7e4fcefcd5af5"
"in-10e29ae8c4330c3c","Tebra","Account Executive, Billing Company","Remote, US","pending_review","https://www.indeed.com/viewjob?jk=10e29ae8c4330c3c"
"in-1d240ff0ff026eda","Handshake","Advertising Account Executive (Contract)","Austin, TX, US","pending_review","https://www.indeed.com/viewjob?jk=1d240ff0ff026eda"
"in-f27689bfa34f9786","CoreWeave","Senior Enterprise Account Executive - W&B","San Francisco, CA, US","pending_review","https://www.indeed.com/viewjob?jk=f27689bfa34f9786"
"in-7a4990adb4c90617","RoofMarketplace","Contractor Success Manager","Madison, WI, US","pending_review","https://www.indeed.com/viewjob?jk=7a4990adb4c90617"
"in-b538ce84c183c7f8","Finout","Enterprise Account Executive","Austin, TX, US","external_application","https://www.indeed.com/viewjob?jk=b538ce84c183c7f8"
"in-0800c2d2cfd4af91","Olly Olly","National Account Executive (Inside Sales)","Austin, TX, US","external_application","https://www.indeed.com/viewjob?jk=0800c2d2cfd4af91"
"in-a2101bbd1b12dea8","A Place for Mom","Healthcare Account Representative - Inside Sales (Remote)","Austin, TX, US","external_application","https://www.indeed.com/viewjob?jk=a2101bbd1b12dea8"
"in-b2599513fecb58ea","Motorola Solutions","Cybersecurity Sales Account Executive West Region","Austin, TX, US","external_application","https://www.indeed.com/viewjob?jk=b2599513fecb58ea"
"in-47e9e8bf3cffd25e","Flock Safety","Community Safety Account Executive","Austin, TX, US","external_application","https://www.indeed.com/viewjob?jk=47e9e8bf3cffd25e"
"in-256f2d400b2ccfea","Pictor Labs","Account Executive, Biopharma","Austin, TX, US","external_application","https://www.indeed.com/viewjob?jk=256f2d400b2ccfea"
"in-eeccc3ffc7eb2954","Perforce Software","Enterprise Account Executive - Delphix","Austin, TX, US","external_application","https://www.indeed.com/viewjob?jk=eeccc3ffc7eb2954"
"in-ce9c99c2e8cf32b6","Sage","Sales Director, Specialized Solutions Group","Lawrenceville, GA, US","external_application","https://www.indeed.com/viewjob?jk=ce9c99c2e8cf32b6"
"in-723f6cd7a9a711ab","TractIQ","Account Executive","Austin, TX, US","external_application","https://www.indeed.com/viewjob?jk=723f6cd7a9a711ab"
"in-0412ac1a8e85aca2","Nordson","Associate II, Inside Sales","Duluth, GA, US","external_application","https://www.indeed.com/viewjob?jk=0412ac1a8e85aca2"
"in-bebe6a9a82d0ba82","Progressive Leasing","Manager, Regional Sales","Atlanta, GA, US","external_application","https://www.indeed.com/viewjob?jk=bebe6a9a82d0ba82"
"in-50aa3a731d745c9b","CANALS","Account Executive","Austin, TX, US","external_application","https://www.indeed.com/viewjob?jk=50aa3a731d745c9b"
"in-b6b455e18a7ea00f","Zep, Inc.","Territory Sales Representative","Atlanta, GA, US","external_application","https://www.indeed.com/viewjob?jk=b6b455e18a7ea00f"
"in-c35f6b273058bb00","Contentsquare","Mid-Market Account Executive - Central / West","Austin, TX, US","pending_review","https://www.indeed.com/viewjob?jk=c35f6b273058bb00"
"in-aba6f09ca3a81f3e","Solar Energy Partners LLC","Energy Consultant I","Atlanta, GA, US","pending_review","https://www.indeed.com/viewjob?jk=aba6f09ca3a81f3e"
"in-ddda218d781d8290","Team Velocity Marketing","Account Coordinator | Team Whiskey","Austin, TX, US","pending_review","https://www.indeed.com/viewjob?jk=ddda218d781d8290"
"in-4edbfad2d8c301b9","nan","Account Executive, Energy Sector","Austin, TX, US","pending_review","https://www.indeed.com/viewjob?jk=4edbfad2d8c301b9"
"in-6bfcb6cda9586427","Brevo","Bilingual Account Executive, Spanish","Austin, TX, US","pending_review","https://www.indeed.com/viewjob?jk=6bfcb6cda9586427"
"in-1611f76c83c7dcd8","nan","Account Representative","San Marcos, TX, US","pending_review","https://www.indeed.com/viewjob?jk=1611f76c83c7dcd8"
"in-96eaebef38060042","Air Products","Commercial Manager (US/Canada Remote)","Atlanta, GA, US","pending_review","https://www.indeed.com/viewjob?jk=96eaebef38060042"
"in-f08c5be6c09305ae","Berkshire Hathaway Home Services","Real Estate Agent (Licensed or in the process of obtaining a license)","Atlanta, GA, US","external_application","https://www.indeed.com/viewjob?jk=f08c5be6c09305ae"
"in-03085e3d2a31cd90","Wellness IQ, Inc.","Sales Executive","Atlanta, GA, US","external_application","https://www.indeed.com/viewjob?jk=03085e3d2a31cd90"
"in-af85efadd8453f46","Celsius Network","Territory Sales Manager","Atlanta, GA, US","external_application","https://www.indeed.com/viewjob?jk=af85efadd8453f46"
"in-0abcf45508ac50af","Sectigo","Associate Sales Engineer","Atlanta, GA, US","external_application","https://www.indeed.com/viewjob?jk=0abcf45508ac50af"
"in-5d47f8c65326a4c1","BA House Cleaning","Client Care & Sales Consultant","Castro Valley, CA, US","external_application","https://www.indeed.com/viewjob?jk=5d47f8c65326a4c1"
"in-71bb4324617e1bd9","Tender Lawn Care (TLC)","Residential Outside Sales Representative (Hybrid)","Dallas, GA, US","external_application","https://www.indeed.com/viewjob?jk=71bb4324617e1bd9"
"in-21d3a52d6d5bf87d","Equifax","Sales Development Representative","Atlanta, GA, US","external_application","https://www.indeed.com/viewjob?jk=21d3a52d6d5bf87d"
"in-b14b81cdbbccd9d0","Medtronic","Associate Sales Representative - Acute Care and Monitoring (Atlanta/Charlotte)","Atlanta, GA, US","external_application","https://www.indeed.com/viewjob?jk=b14b81cdbbccd9d0"
"in-833775eec099c909","Equifax","Account Executive – Automotive Retail and Mobility","Atlanta, GA, US","external_application","https://www.indeed.com/viewjob?jk=833775eec099c909"
"in-32e1ee823fb1f2f7","ND Solutions LLC","Experienced B2B Brokers: Add Business Funding to Your Portfolio","Remote, US","external_application","https://www.indeed.com/viewjob?jk=32e1ee823fb1f2f7"
"in-1170e5b5486c9c50","Sectigo","Associate Sales Engineer","Atlanta, GA, US","external_application","https://www.indeed.com/viewjob?jk=1170e5b5486c9c50"
"in-12a0c91f475b67a3","KINETIC ADVANTAGE LLC","Dealer Relationship Manager - Atlanta West","Atlanta, GA, US","external_application","https://www.indeed.com/viewjob?jk=12a0c91f475b67a3"
"in-ddf364fd6f825360","Equifax","Analytical Business Advisor (Analytics Sales Consultant) - Fintech","Atlanta, GA, US","external_application","https://www.indeed.com/viewjob?jk=ddf364fd6f825360"
"in-cd30340f1a9ea97e","Avanos Medical","Clinical Sales Specialist, Surgical Pain - Raleigh, NC (6914)","NC, US","external_application","https://www.indeed.com/viewjob?jk=cd30340f1a9ea97e"
"in-a7a19d29fb289dc6","Mitchell 1/Snap-on Tools","Independent Sales Contractor – Automotive Software (1099)","Philadelphia, PA, US","pending_review","https://www.indeed.com/viewjob?jk=a7a19d29fb289dc6"
"in-d4fbed9727d126e8","Roofr","Field Sales Representative","Austin, TX, US","pending_review","https://www.indeed.com/viewjob?jk=d4fbed9727d126e8"
"in-6be58542c038d05f","Great Roofing and Restoration","Exterior Consultant","Maineville, OH, US","pending_review","https://www.indeed.com/viewjob?jk=6be58542c038d05f"
"in-fdf6fe55dcc25129","ServiceNow","Solution Sales Executive - Healthcare - Moveworks","Chicago, IL, US","pending_review","https://www.indeed.com/viewjob?jk=fdf6fe55dcc25129"
"in-2789e1c215e7c39e","Wellness IQ, Inc.","Sales Executive","Alpharetta, GA, US","pending_review","https://www.indeed.com/viewjob?jk=2789e1c215e7c39e"
"in-a622b982797b9c59","nan","Sales Associate","Alpharetta, GA, US","pending_review","https://www.indeed.com/viewjob?jk=a622b982797b9c59"
"in-ff3a91dbc0199a10","EcoPro Electric","Regional Sales Associate","Houston, TX, US","external_application","https://www.indeed.com/viewjob?jk=ff3a91dbc0199a10"
"in-30b54780b8915faa","Achieve Debt Relief","Inside Sales Representative- Loan Consultant","Orlando, FL, US","external_application","https://www.indeed.com/viewjob?jk=30b54780b8915faa"
"in-86334233b2e0e368","TEXCELL","Business Development Manager","Frederick, MD, US","external_application","https://www.indeed.com/viewjob?jk=86334233b2e0e368"
"in-46fecc4ae857aba0","Digital.ai","Director, Sales Engineering","Remote, US","external_application","https://www.indeed.com/viewjob?jk=46fecc4ae857aba0"
"in-b9056b8f0779d7b4","Woundtech","Client Success Manager","CA, US","external_application","https://www.indeed.com/viewjob?jk=b9056b8f0779d7b4"
"in-3a7c705ef4130b18","ClearPath Cards","Sales Agent","Vancouver, WA, US","external_application","https://www.indeed.com/viewjob?jk=3a7c705ef4130b18"
"in-4dd01b79f9668a84","Hep plumbing","Entry-Level Systems Specialist","Knoxville, TN, US","external_application","https://www.indeed.com/viewjob?jk=4dd01b79f9668a84"
"in-b1b8d8b99da3ed2d","MPOWERHealth","Clinical Client Success Manager","Phoenix, AZ, US","external_application","https://www.indeed.com/viewjob?jk=b1b8d8b99da3ed2d"
"in-7efd1d50f78fb428","Luso-American Financial","Sales Manager Life Insurance/Financial","Dublin, CA, US","external_application","https://www.indeed.com/viewjob?jk=7efd1d50f78fb428"
"in-2dab81a98c87888e","nan","Client Success Manager, Shopper & Retail Media","New York, NY, US","external_application","https://www.indeed.com/viewjob?jk=2dab81a98c87888e"
"in-1489799760af8d91","MVR Digital","Client Success Manager, Performance Marketing","New York, NY, US","external_application","https://www.indeed.com/viewjob?jk=1489799760af8d91"
"in-64589e869dab4bb1","WaveLynx","Business Development Manager - West Coast (Must reside in CA)","CA, US","pending_review","https://www.indeed.com/viewjob?jk=64589e869dab4bb1"
"in-f2ef0b838b0bfc72","Mitchell 1/Snap-on Tools","Independent Sales Contractor – Automotive Software (1099)","Washington, DC, US","pending_review","https://www.indeed.com/viewjob?jk=f2ef0b838b0bfc72"
"in-c6e6216fffdf6cb8","FIGS","Senior Manager, CX & BPO Partner Management","Santa Monica, CA, US","pending_review","https://www.indeed.com/viewjob?jk=c6e6216fffdf6cb8"
"in-96ccbab8eb6cbeb6","Achieve Debt Relief","Inside Sales Representative- Loan Consultant","Dallas, TX, US","pending_review","https://www.indeed.com/viewjob?jk=96ccbab8eb6cbeb6"
"in-dd189c7eb7ac68f2","Click Here Digital","SEO Client Success Manager","Remote, US","pending_review","https://www.indeed.com/viewjob?jk=dd189c7eb7ac68f2"
"in-b34c92a3f14428cf","ISOS Technology","Director of Client Success","Tempe, AZ, US","pending_review","https://www.indeed.com/viewjob?jk=b34c92a3f14428cf"
"in-65feab6a74b2404b","Southeast Roofing and Exteriors LLC","Experienced Roofing Sales Representative – $100k+ Potential – No Cap","Cleveland, TN, US","pending_review","https://www.indeed.com/viewjob?jk=65feab6a74b2404b"
"in-c4327adf5badd834","Achieve Debt Relief","Inside Sales Representative- Loan Consultant","Tempe, AZ, US","pending_review","https://www.indeed.com/viewjob?jk=c4327adf5badd834"
"in-d09e87093c1088f5","Woundtech","Client Success Manager","TX, US","pending_review","https://www.indeed.com/viewjob?jk=d09e87093c1088f5"
"in-4eb42526b87bf830","nan","Client Success Manager, Brands & Agencies","New York, NY, US","external_application","https://www.indeed.com/viewjob?jk=4eb42526b87bf830"
"in-617c962d8a697da4","Heidi","Account Executive","New York, NY, US","external_application","https://www.indeed.com/viewjob?jk=617c962d8a697da4"
"in-ec3e001d769d7a08","Hire Overseas","Client Success Manager (AI Content & Partnerships)","Remote, US","external_application","https://www.indeed.com/viewjob?jk=ec3e001d769d7a08"
"in-76d993e5dd4d8f08","Fleetpride","Outside Heavy Duty Sales Representative","Forest Park, GA, US","external_application","https://www.indeed.com/viewjob?jk=76d993e5dd4d8f08"
"in-f5f1c9ea28773e86","Addepar","Sr. Client Success Manager - Enterprise","New York, NY, US","external_application","https://www.indeed.com/viewjob?jk=f5f1c9ea28773e86"
"in-60c9a73696f16f5d","Snowflake","Account Executive, SLED","PA, US","external_application","https://www.indeed.com/viewjob?jk=60c9a73696f16f5d"
"in-3c5bb12d5f7b5347","Ferguson","Outside Sales Representative - Fire and Fabrication","Lilburn, GA, US","external_application","https://www.indeed.com/viewjob?jk=3c5bb12d5f7b5347"
"in-477c0a653574472a","Impact Networking, LLC","Account Executive (IT & Cybersecurity)","Austin, TX, US","external_application","https://www.indeed.com/viewjob?jk=477c0a653574472a"
"in-59d8e72047f4a16f","Allstate Insurance","Allstate Insurance Dedicated Sales Producer","Johns Creek, GA, US","external_application","https://www.indeed.com/viewjob?jk=59d8e72047f4a16f"
"in-883bd88536a14832","FreeAxez","Client Success Manager","Delran, NJ, US","external_application","https://www.indeed.com/viewjob?jk=883bd88536a14832"
"in-9c14d099e337ff88","Paycom","Account Executive - Austin","Austin, TX, US","external_application","https://www.indeed.com/viewjob?jk=9c14d099e337ff88"
"in-34e18b32353146d2","Stephen Gould Corporation","Account Coordinator","El Segundo, CA, US","external_application","https://www.indeed.com/viewjob?jk=34e18b32353146d2"
"in-1d6b8d97c55f3739","Fleetpride","Outside Heavy Duty Sales Representative","Cumming, GA, US","external_application","https://www.indeed.com/viewjob?jk=1d6b8d97c55f3739"
"in-4906d38f3559f76a","Fleetpride","Outside Heavy Duty Sales Representative","Atlanta, GA, US","external_application","https://www.indeed.com/viewjob?jk=4906d38f3559f76a"
"in-23249d8708cc191e","The Integrated Experts","Solar - Sales Consultant","Albuquerque, NM, US","pending_review","https://www.indeed.com/viewjob?jk=23249d8708cc191e"
"in-0583f21506dace91","Fleetpride","Outside Heavy Duty Sales Representative","Marietta, GA, US","pending_review","https://www.indeed.com/viewjob?jk=0583f21506dace91"
"in-d615df947946bce3","State Farm","Account Representative - State Farm Agent Team Member","Austin, TX, US","pending_review","https://www.indeed.com/viewjob?jk=d615df947946bce3"
"in-f319f396a0cd42f0","Freeway Insurance Services America, LLC","Insurance Agent (Sales, Customer Service)","Las Vegas, NV, US","pending_review","https://www.indeed.com/viewjob?jk=f319f396a0cd42f0"
"in-f2479a804f738ade","State Farm","Insurance Account Representative - State Farm Agent Team Member","Austin, TX, US","pending_review","https://www.indeed.com/viewjob?jk=f2479a804f738ade"
"in-7dcda9f1ca63a6c4","Mspark","Omni-Channel Client Success Manager","Remote, US","pending_review","https://www.indeed.com/viewjob?jk=7dcda9f1ca63a6c4"
"in-ae5094685c7ea88a","Civility Home Care - Danbury","Client Success Manager and Coordinator","Danbury, CT, US","pending_review","https://www.indeed.com/viewjob?jk=ae5094685c7ea88a"
"in-18b108ce4b3bfd63","WebMD","Client Success Manager","Newark, NJ, US","external_application","https://www.indeed.com/viewjob?jk=18b108ce4b3bfd63"
"in-df928483fc8736da","G First Realty LLC","Real Estate Agent | G First Realty","Saint Cloud, FL, US","external_application","https://www.indeed.com/viewjob?jk=df928483fc8736da"
"in-2057171eae8dff0c","Furniture Fair","Furniture and Mattress Outlet Sales Representative","Cold Spring, KY, US","external_application","https://www.indeed.com/viewjob?jk=2057171eae8dff0c"
"in-6820b0f3d5039f89","Proofpoint","Customer Success Manager","TX, US","external_application","https://www.indeed.com/viewjob?jk=6820b0f3d5039f89"
"in-8a79554582504f13","Intuit","Customer Success Manager - Mailchimp","Atlanta, GA, US","external_application","https://www.indeed.com/viewjob?jk=8a79554582504f13"
"in-ef3080b7350fdd08","Waystar","Manager of Customer Success","Lehi, UT, US","external_application","https://www.indeed.com/viewjob?jk=ef3080b7350fdd08"
"in-6a1552e482d959db","OPS Security Group","Operations/Customer Success Manager","Philadelphia, PA, US","external_application","https://www.indeed.com/viewjob?jk=6a1552e482d959db"
"in-f1961a938391d17d","Yotpo","Senior, Upmarket Customer Success Manager","New York, NY, US","external_application","https://www.indeed.com/viewjob?jk=f1961a938391d17d"
"in-9a0cb3fedc3d478d","Datadog","Manager, Sales Development - Boston","Boston, MA, US","external_application","https://www.indeed.com/viewjob?jk=9a0cb3fedc3d478d"
"in-5bf02eef283cb998","STERIS","Client Success Manager - SPM Solutions","Tampa, FL, US","external_application","https://www.indeed.com/viewjob?jk=5bf02eef283cb998"
"in-ac0bb79743a462ab","AppCard","Sr Director / Vice President of Customer Success New York, NY (On-site)","New York, NY, US","external_application","https://www.indeed.com/viewjob?jk=ac0bb79743a462ab"
"in-31a6e5a6050d1a54","Proofpoint","Customer Success Manager","CO, US","external_application","https://www.indeed.com/viewjob?jk=31a6e5a6050d1a54"
"in-6919d314ab508c5f","Path Robotics, Inc.","Customer Success Manager, Defense","Columbus, OH, US","pending_review","https://www.indeed.com/viewjob?jk=6919d314ab508c5f"
"in-b5a3258cda73fe7d","Bobyard","Customer Success Manager Mid Market","San Francisco, CA, US","pending_review","https://www.indeed.com/viewjob?jk=b5a3258cda73fe7d"
"in-0cc2d4717a5bae1f","Septic Blue","Outside Sales Representative","Orlando, FL, US","pending_review","https://www.indeed.com/viewjob?jk=0cc2d4717a5bae1f"
"in-6a2af94de2760379","SPF Screens & Awnings","Design Sales Representative","Bonita Springs, FL, US","pending_review","https://www.indeed.com/viewjob?jk=6a2af94de2760379"
"in-5a6c1e43eddb014b","GREGG YOUNG AUTO GROUP","Sales Consultant","Hortonville, WI, US","pending_review","https://www.indeed.com/viewjob?jk=5a6c1e43eddb014b"
"in-ecfa8fdef4fc4641","A2Mac1 LLC","Customer Success Manager","Detroit, MI, US","pending_review","https://www.indeed.com/viewjob?jk=ecfa8fdef4fc4641"
"in-8d0c05bade1fcba7","Acrylic Source+","Customer Success Manager","Arlington, TX, US","pending_review","https://www.indeed.com/viewjob?jk=8d0c05bade1fcba7"
"in-6bd643934d1a2a41","Euronet Worldwide, Inc.","Customer Success Manager","Atlanta, GA, US","external_application","https://www.indeed.com/viewjob?jk=6bd643934d1a2a41"
"in-0846508e4922f75b","Microsoft","Customer Success Account Manager","Redmond, WA, US","external_application","https://www.indeed.com/viewjob?jk=0846508e4922f75b"
"in-612aebc677612eb5","IRONSCALES","Customer Success Manager","Sandy Springs, GA, US","external_application","https://www.indeed.com/viewjob?jk=612aebc677612eb5"
"in-51ae7a76df88f965","Conductor","Sr. Customer Success Manager","New York, NY, US","external_application","https://www.indeed.com/viewjob?jk=51ae7a76df88f965"
"in-0335ca48359a7ea7","Censis","Customer Success Manager","TX, US","external_application","https://www.indeed.com/viewjob?jk=0335ca48359a7ea7"
"in-eed45282dad13fcf","LexisNexis Risk Solutions","Senior Customer Success Manager (Hybrid - NY)","New York, NY, US","external_application","https://www.indeed.com/viewjob?jk=eed45282dad13fcf"
"in-8dd7a11ec375581c","Zifo","Customer Success Manager","San Francisco, CA, US","external_application","https://www.indeed.com/viewjob?jk=8dd7a11ec375581c"
"in-ec1731bb191e9f49","Macrobond Financial AB","Customer Success Manager","MN, US","external_application","https://www.indeed.com/viewjob?jk=ec1731bb191e9f49"
"in-82ffe220c2fd2662","Optimizely","Team Lead, Customer Success Management","US","external_application","https://www.indeed.com/viewjob?jk=82ffe220c2fd2662"
"in-6318f5996651e010","Uber","Customer Success Implementation Lead, Uber for Business","New York, NY, US","external_application","https://www.indeed.com/viewjob?jk=6318f5996651e010"
"in-4649883233292488","Amazon.com","Senior Customer Success Manager, Amazon Vendor Services","Seattle, WA, US","external_application","https://www.indeed.com/viewjob?jk=4649883233292488"
"in-87ac0a8c35f19bec","Uber","Customer Success Implementation Lead, Uber for Business","Chicago, IL, US","external_application","https://www.indeed.com/viewjob?jk=87ac0a8c35f19bec"
"in-4d6206349c079da8","LexisNexis Risk Solutions","Senior Customer Success Manager (Hybrid - NY)","New York, NY, US","external_application","https://www.indeed.com/viewjob?jk=4d6206349c079da8"
"in-ade7bb6bca1eedc1","Aspen Technology","Sr Customer Success Manager","Houston, TX, US","external_application","https://www.indeed.com/viewjob?jk=ade7bb6bca1eedc1"
"in-a33b5583fee5fc39","LSEG (London Stock Exchange Group)","Associate Customer Success Manager","New York, NY, US","external_application","https://www.indeed.com/viewjob?jk=a33b5583fee5fc39"
"in-39c0009b0a5844b8","Frontify AG","Senior Enterprise Customer Success Manager","New York, NY, US","external_application","https://www.indeed.com/viewjob?jk=39c0009b0a5844b8"
"in-f52005667c0a8b09","Trimble","Customer Success Manager","Princeton, NJ, US","external_application","https://www.indeed.com/viewjob?jk=f52005667c0a8b09"
"in-f888fd4feffb815e","Litera","Strategic Customer Success Manager","TX, US","external_application","https://www.indeed.com/viewjob?jk=f888fd4feffb815e"
"in-36bd14fda5b1c6d0","DriveCentric","Customer Success Manager","St. Louis, MO, US","pending_review","https://www.indeed.com/viewjob?jk=36bd14fda5b1c6d0"
"in-678ec0167f2d60b4","Euronet Worldwide, Inc.","Customer Success Manager","Atlanta, GA, US","pending_review","https://www.indeed.com/viewjob?jk=678ec0167f2d60b4"
"in-46d63deabee63d36","Cognosos","Principal Customer Success Manager - Enterprise (Logistics Vertical)","Atlanta, GA, US","pending_review","https://www.indeed.com/viewjob?jk=46d63deabee63d36"
"in-71ca6cdc2572f4b7","JPMorganChase","Customer Success Director - Head of Fusion Client Service","New York, NY, US","external_application","https://www.indeed.com/viewjob?jk=71ca6cdc2572f4b7"
"in-10cfcb3f1bf3db2e","MathWorks","Technical Account Manager","Santa Clara, CA, US","external_application","https://www.indeed.com/viewjob?jk=10cfcb3f1bf3db2e"
"in-2fe48fe7a197b3c3","LogicGate","Technical Account Manager","Chicago, IL, US","external_application","https://www.indeed.com/viewjob?jk=2fe48fe7a197b3c3"
"in-60744f2d0c035509","Courser","Client Account Manager","Pleasant Grove, UT, US","external_application","https://www.indeed.com/viewjob?jk=60744f2d0c035509"
"in-2f3f2ecf879900f5","Thales","Major Account Manager, B2B Software Sales","Austin, TX, US","external_application","https://www.indeed.com/viewjob?jk=2f3f2ecf879900f5"
"in-3420456420e538b5","S&P Global","Alternatives Account Manager","Sacramento, CA, US","external_application","https://www.indeed.com/viewjob?jk=3420456420e538b5"
"in-2455e4b73add6fb1","Courser","Client Account Manager","Savannah, GA, US","external_application","https://www.indeed.com/viewjob?jk=2455e4b73add6fb1"
"in-e8e66230f788061c","S&P Global","Alternatives Account Manager","New York, NY, US","external_application","https://www.indeed.com/viewjob?jk=e8e66230f788061c"
"in-74bbadcd67f0e203","LSEG (London Stock Exchange Group)","Customer Success Manager, Trading","New York, NY, US","external_application","https://www.indeed.com/viewjob?jk=74bbadcd67f0e203"
"in-f971b5cd9e5820f3","Google","Principal Account Manager, Home and Consumer Services","San Francisco, CA, US","external_application","https://www.indeed.com/viewjob?jk=f971b5cd9e5820f3"
"in-64a77541fa9d0853","Sage","Account Manager","Lawrenceville, GA, US","external_application","https://www.indeed.com/viewjob?jk=64a77541fa9d0853"
"in-141a2ce91b03d9e7","JPMorganChase","Customer Success Manager, Executive Director","New York, NY, US","external_application","https://www.indeed.com/viewjob?jk=141a2ce91b03d9e7"
"in-231fc2747e95b677","S&P Global","Alternatives Account Manager","San Francisco, CA, US","external_application","https://www.indeed.com/viewjob?jk=231fc2747e95b677"
"in-28f1c2051cd41cf9","S&P Global","Alternatives Account Manager","Boulder, CO, US","external_application","https://www.indeed.com/viewjob?jk=28f1c2051cd41cf9"
"in-1c0cec55d61bd1db","Google","Principal Account Manager, Education and Careers","San Francisco, CA, US","external_application","https://www.indeed.com/viewjob?jk=1c0cec55d61bd1db"
"in-4fdde92dfe3eafc1","Airgas","Account Manager","Dorchester, MA, US","external_application","https://www.indeed.com/viewjob?jk=4fdde92dfe3eafc1"
"in-0c2aea061f800ed2","Paraform","Customer Success Manager – Mid-Market Accounts","New York, NY, US","pending_review","https://www.indeed.com/viewjob?jk=0c2aea061f800ed2"
"in-cf7661b5a1a3c9ef","Eulerity","Sr Manager, SMB Customer Success","New York, NY, US","pending_review","https://www.indeed.com/viewjob?jk=cf7661b5a1a3c9ef"
"in-cfab577f62e71a7d","TicketManager","Customer Success Manager","New York, NY, US","pending_review","https://www.indeed.com/viewjob?jk=cfab577f62e71a7d"
"in-4e3e7a6522a9bd6f","Technic Solutions","BICSI RCDD (ICT Designer) – Account Manager","Cordova, TN, US","external_application","https://www.indeed.com/viewjob?jk=4e3e7a6522a9bd6f"
"in-de247b5a53c129cd","Samsung Semiconductor Inc (US)","Account Manager, Memory Sales","San Jose, CA, US","external_application","https://www.indeed.com/viewjob?jk=de247b5a53c129cd"
"in-c62ce49a74354988","Royal Flush Plumbing","In House Commercial Account Manager","Lawrenceville, GA, US","external_application","https://www.indeed.com/viewjob?jk=c62ce49a74354988"
"in-f67f0fcd7e078ef9","C&W Services","Custodial Account Manager","Marlborough, MA, US","external_application","https://www.indeed.com/viewjob?jk=f67f0fcd7e078ef9"
"in-06bb23d741cf5e3b","nan","Account Manager (Entertainment)","Encino, CA, US","external_application","https://www.indeed.com/viewjob?jk=06bb23d741cf5e3b"
"in-59ebae516eacba03","Amazon Web Services","Account Manager, Startups","Santa Monica, CA, US","external_application","https://www.indeed.com/viewjob?jk=59ebae516eacba03"
"in-8034e9a325717a90","United Rentals","Key Account Manager","San Antonio, TX, US","external_application","https://www.indeed.com/viewjob?jk=8034e9a325717a90"
"in-d1918f431028ee90","Masas Inc","Sales Account Manager","Orlando, FL, US","external_application","https://www.indeed.com/viewjob?jk=d1918f431028ee90"
"in-3cc3f8a768fc7707","State Farm","Account Manager - State Farm Agent Team Member","Florence, MS, US","external_application","https://www.indeed.com/viewjob?jk=3cc3f8a768fc7707"
"in-9247987ac57fb7f2","Airgas","Account Manager","San Antonio, TX, US","external_application","https://www.indeed.com/viewjob?jk=9247987ac57fb7f2"
"in-5c13c9b3247e96f8","Behm Consulting LLC","Technical Sales Account Manager","Milwaukee, WI, US","external_application","https://www.indeed.com/viewjob?jk=5c13c9b3247e96f8"
"in-52c90f88bdef7f92","FXC Intelligence Ltd","Enterprise Account Manager","Washington, DC, US","external_application","https://www.indeed.com/viewjob?jk=52c90f88bdef7f92"
"in-c76b413bb7f85a76","Lucas Horsfall","Account Manager (Entertainment)","Encino, CA, US","external_application","https://www.indeed.com/viewjob?jk=c76b413bb7f85a76"
"in-f4feca6ce558470d","State Farm","Account Manager - State Farm Agent Team Member","Roswell, GA, US","external_application","https://www.indeed.com/viewjob?jk=f4feca6ce558470d"
"in-1546a3ff3cf4d1b9","Spectrum Paint","Account Manager / Outside Sales Representative - Charleston, SC area","Charleston, SC, US","external_application","https://www.indeed.com/viewjob?jk=1546a3ff3cf4d1b9"
"in-cfe137b442593943","Drops Candies","Senior Sales Key Account Manager","Clackamas, OR, US","pending_review","https://www.indeed.com/viewjob?jk=cfe137b442593943"
"in-df517b5a75c32b4e","nan","National Account Manager","Rockford, IL, US","pending_review","https://www.indeed.com/viewjob?jk=df517b5a75c32b4e"
"in-ec510821eecfaeb4","Wallace Management Co.","Account Manager","Alexandria, LA, US","pending_review","https://www.indeed.com/viewjob?jk=ec510821eecfaeb4"
"in-3668542de5923888","Dirty Hands","Account Manager- Grocery Retail Merchandising","Austin, TX, US","pending_review","https://www.indeed.com/viewjob?jk=3668542de5923888"
"in-384f2ea37a40c45b","Visionary Broadband","Account Manager","Gillette, WY, US","pending_review","https://www.indeed.com/viewjob?jk=384f2ea37a40c45b"
"in-3f552bf3646bb5f7","Bridgehead IT","Account Manager","San Antonio, TX, US","pending_review","https://www.indeed.com/viewjob?jk=3f552bf3646bb5f7"
"in-365c7d58c67cf97c","Wolter","ACCOUNT MANAGER","Wausau, WI, US","pending_review","https://www.indeed.com/viewjob?jk=365c7d58c67cf97c"
"in-420061be057b5f6c","Cogent Communications","National Account Manager","Chicago, IL, US","external_application","https://www.indeed.com/viewjob?jk=420061be057b5f6c"
"in-fdfc0d6a1923d345","Solenis","Key Account Manager","TX, US","external_application","https://www.indeed.com/viewjob?jk=fdfc0d6a1923d345"
"in-a5e09ef6f2cf4f58","ADM","Sales Account Manager - Alpharetta, GA","Alpharetta, GA, US","external_application","https://www.indeed.com/viewjob?jk=a5e09ef6f2cf4f58"
"in-f2ab74374d35d3cf","Veritas Wine Selections LLC","Account Manager/Sales Representative (JoCo)","Overland Park, KS, US","external_application","https://www.indeed.com/viewjob?jk=f2ab74374d35d3cf"
"in-c02819447e00393a","Valley Steel & Wire Co.","Sales Account Manager","Fort Collins, CO, US","external_application","https://www.indeed.com/viewjob?jk=c02819447e00393a"
"in-f48a5a4965f1b2eb","Cogent Communications","Global Account Manager","Chicago, IL, US","external_application","https://www.indeed.com/viewjob?jk=f48a5a4965f1b2eb"
"in-2395c25fe1a9f847","Cogent Communications","Global Account Manager","Washington, DC, US","external_application","https://www.indeed.com/viewjob?jk=2395c25fe1a9f847"
"in-0d1a52fc47fb7106","A to Z Insurance","Bilingual Licensed Account Manager","DE, US","external_application","https://www.indeed.com/viewjob?jk=0d1a52fc47fb7106"
"in-bbad9648ce2cf4a5","PARKER ELECTRIC","Commercial Account Manager / Business Development","Goodlettsville, TN, US","pending_review","https://www.indeed.com/viewjob?jk=bbad9648ce2cf4a5"
"in-8495ff8b6a25fd26","Oakbridge Insurance","Account Manager | Personal Lines","Zebulon, GA, US","pending_review","https://www.indeed.com/viewjob?jk=8495ff8b6a25fd26"
"in-2ff0ab4e67509596","Cogent Communications","National Account Manager","Atlanta, GA, US","pending_review","https://www.indeed.com/viewjob?jk=2ff0ab4e67509596"
"in-cb2bbd6bb34e8988","State Farm","Account Manager - State Farm Agent Team Member","White Lake, MI, US","pending_review","https://www.indeed.com/viewjob?jk=cb2bbd6bb34e8988"
"in-47ccf9a2f60d1642","Cogent Communications","Global Account Manager","Herndon, VA, US","pending_review","https://www.indeed.com/viewjob?jk=47ccf9a2f60d1642"
"in-0bee25ffceb6cedf","U.S. Ski and Snowboard Association","Account Manager, Partnership Marketing","Park City, UT, US","pending_review","https://www.indeed.com/viewjob?jk=0bee25ffceb6cedf"
"in-b45639e6f100b417","FrameCo","Personal Lines Account Manager","Twinsburg, OH, US","pending_review","https://www.indeed.com/viewjob?jk=b45639e6f100b417"
"in-6d2c814423853e13","Cogent Communications","National Account Manager","Detroit, MI, US","pending_review","https://www.indeed.com/viewjob?jk=6d2c814423853e13"
"in-407102645f50c866","Somers Agency","Commercial Insurance Account Manager","Lorain, OH, US","pending_review","https://www.indeed.com/viewjob?jk=407102645f50c866"
"in-0aa752d6026420f8","Cogent Communications","National Account Manager","New Orleans, LA, US","pending_review","https://www.indeed.com/viewjob?jk=0aa752d6026420f8"
"in-5b7e377920c607d1","nan","Senior Staff Technical Solutions Account Manager","Austin, TX, US","external_application","https://www.indeed.com/viewjob?jk=5b7e377920c607d1"
"in-933cf086e2c09d34","BearCom","Stone - Sales Account Manager Dallas, TX (Grand Prairie)","Round Rock, TX, US","external_application","https://www.indeed.com/viewjob?jk=933cf086e2c09d34"
"in-8b963788e91133d5","Apollo.io","Account Manager, SMB","Austin, TX, US","external_application","https://www.indeed.com/viewjob?jk=8b963788e91133d5"
"in-ce9f923ea5a6238e","Varonis Systems","Strategic Account Manager","Austin, TX, US","external_application","https://www.indeed.com/viewjob?jk=ce9f923ea5a6238e"
"in-8e4bae0febba5fc6","HTS Engineering - Heat Transfer Solutions","Account Manager - Outside Parts Sales","Austin, TX, US","external_application","https://www.indeed.com/viewjob?jk=8e4bae0febba5fc6"
"in-489d74f05ec3b02c","CAI (Computer Aid, Inc.)","Account Manager","Austin, TX, US","external_application","https://www.indeed.com/viewjob?jk=489d74f05ec3b02c"
"in-e22378c8318b3e1a","Pepperl+Fuchs","Account Manager Austin","Austin, TX, US","external_application","https://www.indeed.com/viewjob?jk=e22378c8318b3e1a"
"in-47314d7c6be69351","Google","Technical Success Account Manager, Telco and Retail","Austin, TX, US","external_application","https://www.indeed.com/viewjob?jk=47314d7c6be69351"
"in-0f4e4cca4ad9b9db","Lundbeck","BioPharmaceutical Account Manager","Austin, TX, US","external_application","https://www.indeed.com/viewjob?jk=0f4e4cca4ad9b9db"
"in-8c4cd09256198bb3","nan","Staff Technical Support Account Manager","Austin, TX, US","external_application","https://www.indeed.com/viewjob?jk=8c4cd09256198bb3"
"in-79c9c4bc5033b3ea","Baldwin Supply Company","Industrial Sales Account Manager","Des Moines, IA, US","external_application","https://www.indeed.com/viewjob?jk=79c9c4bc5033b3ea"
"in-fdf9a24759b69fec","HP","Commercial Collaboration Sales Account Manager - Inside Sales Rep 3, Outbound","Austin, TX, US","external_application","https://www.indeed.com/viewjob?jk=fdf9a24759b69fec"
"in-a4a988c8c48c21d7","Paycom","Strategic Account Manager - Austin","Austin, TX, US","external_application","https://www.indeed.com/viewjob?jk=a4a988c8c48c21d7"
"in-106c00cc70f19ede","Massey Services, Inc.","Commercial Sales Account Manager","Austin, TX, US","pending_review","https://www.indeed.com/viewjob?jk=106c00cc70f19ede"
"in-01d6d049443dd321","GROVE LANDSCAPES LLC","Account Manager","Austin, TX, US","pending_review","https://www.indeed.com/viewjob?jk=01d6d049443dd321"
"in-3528cefcd0207283","Reyes Beverage Group","Sales Account Manager","Austin, TX, US","pending_review","https://www.indeed.com/viewjob?jk=3528cefcd0207283"
"in-ed78da0e951994b8","Reyes Beverage Group","Sales Account Manager","Georgetown, TX, US","pending_review","https://www.indeed.com/viewjob?jk=ed78da0e951994b8"
"in-2b11f04de699c2cc","Cogent Communications","Global Account Manager","Atlanta, GA, US","pending_review","https://www.indeed.com/viewjob?jk=2b11f04de699c2cc"
"in-40596e59cb6b94a9","Motive Companies","Account Manager","Austin, TX, US","pending_review","https://www.indeed.com/viewjob?jk=40596e59cb6b94a9"
"in-f1615e3f1f2f8ec0","State Farm","Account Manager - State Farm Agent Team Member","Austin, TX, US","pending_review","https://www.indeed.com/viewjob?jk=f1615e3f1f2f8ec0"
"in-9c5b6045cea22464","Allied Universal Technology Services","Commercial Account Manager - Electronic Security","Austin, TX, US","pending_review","https://www.indeed.com/viewjob?jk=9c5b6045cea22464"
"in-dcbe7c677ccabd10","Olympus Corporation","Executive Respiratory Account Manager-Atlanta, GA","Atlanta, GA, US","external_application","https://www.indeed.com/viewjob?jk=dcbe7c677ccabd10"
"in-ff8e0cb4e21b6da5","Concentric AI","Inside Channel Account Manager","Austin, TX, US","external_application","https://www.indeed.com/viewjob?jk=ff8e0cb4e21b6da5"
"in-afbbda4522225fcc","NextGen Security","Senior Account Manager","Austin, TX, US","external_application","https://www.indeed.com/viewjob?jk=afbbda4522225fcc"
"in-34e0ef50550d0eeb","NetraDyne","Trial Success Manager","Nashville, TN, US","external_application","https://www.indeed.com/viewjob?jk=34e0ef50550d0eeb"
"in-180e8191a643fa6e","RITE Technology","Account Manager/Client Success Enthusast","Sarasota, FL, US","external_application","https://www.indeed.com/viewjob?jk=180e8191a643fa6e"
"in-dd13f138dbb3103d","S&P Global","Account Manager - Insurance Solutions (Mobility)","Austin, TX, US","external_application","https://www.indeed.com/viewjob?jk=dd13f138dbb3103d"
"in-f2c1200294136bea","CodeRabbit","Technical Success Manager, Americas","San Francisco, CA, US","external_application","https://www.indeed.com/viewjob?jk=f2c1200294136bea"
"in-bef02668aae85ed3","Keurig Dr Pepper","Account Sales Manager","Lampasas, TX, US","external_application","https://www.indeed.com/viewjob?jk=bef02668aae85ed3"
"in-8302363ba0a0ce48","Keurig Dr Pepper","Account Sales Manager","Sacramento, CA, US","external_application","https://www.indeed.com/viewjob?jk=8302363ba0a0ce48"
"in-ac516db343a079bb","Keurig Dr Pepper","Account Sales Manager","Stockton, CA, US","external_application","https://www.indeed.com/viewjob?jk=ac516db343a079bb"
"in-7ecd1456b10b3e41","Locality","Client Success Manager - NYC or ATL","Atlanta, GA, US","external_application","https://www.indeed.com/viewjob?jk=7ecd1456b10b3e41"
"in-07506ad3d6c2d71f","Angels Care Home Health","Account Executive","Grand Prairie, TX, US","external_application","https://www.indeed.com/viewjob?jk=07506ad3d6c2d71f"
"in-d6e6620064144eb9","B2Gnow","Account Growth Manager","Phoenix, AZ, US","pending_review","https://www.indeed.com/viewjob?jk=d6e6620064144eb9"
"in-edb61466c44f99b8","State Farm","Account Manager - State Farm Agent Team Member","Dacula, GA, US","pending_review","https://www.indeed.com/viewjob?jk=edb61466c44f99b8"
"in-3101ef862dfba638","SolarWinds","Enterprise Account Executive","Charlotte, NC, US","pending_review","https://www.indeed.com/viewjob?jk=3101ef862dfba638"
"in-5d74b8b5baf39a7c","nan","Account Manager - State Farm Agent Team Member","Carrollton, GA, US","pending_review","https://www.indeed.com/viewjob?jk=5d74b8b5baf39a7c"
"in-e3a1f9dc67bf0a28","C&W Technologies","Client Success Associate","Stuart, FL, US","pending_review","https://www.indeed.com/viewjob?jk=e3a1f9dc67bf0a28"
"in-df3e8cd01c62843e","100 Blvd. MNGMT, LLC","Client Success Manager (Account Manager)","Lakewood, NJ, US","pending_review","https://www.indeed.com/viewjob?jk=df3e8cd01c62843e"
"in-70d044edbf25dc61","State Farm","Account Manager - State Farm Agent Team Member","Roswell, GA, US","pending_review","https://www.indeed.com/viewjob?jk=70d044edbf25dc61"
"in-4451e0648084f87a","M&K Truck Centers","Leasing Account Executive","Pendleton, IN, US","external_application","https://www.indeed.com/viewjob?jk=4451e0648084f87a"
"in-25ca8961324bfe74","Echo Global Logistics","Account Executive","Scottsdale, AZ, US","external_application","https://www.indeed.com/viewjob?jk=25ca8961324bfe74"
"in-72db677eaff09837","Health Payment Systems Inc","Sales Account Executive","Milwaukee, WI, US","external_application","https://www.indeed.com/viewjob?jk=72db677eaff09837"
"in-d4cd9ae7b497b44c","Angels Care Home Health","Account Executive","Tomball, TX, US","external_application","https://www.indeed.com/viewjob?jk=d4cd9ae7b497b44c"
"in-ce19c64cbffacff2","Angels Care Home Health","Account Executive","Cypress, TX, US","external_application","https://www.indeed.com/viewjob?jk=ce19c64cbffacff2"
"in-1b41f3c6bfb186f4","PLA Buyer LLC","Sales Account Representative - Customer","Orlando, FL, US","external_application","https://www.indeed.com/viewjob?jk=1b41f3c6bfb186f4"
"in-0634bb989c1dbbd7","Silverline Communications","Assistant Account Executive","Arlington, VA, US","external_application","https://www.indeed.com/viewjob?jk=0634bb989c1dbbd7"
"in-da1029704e1a4884","nan","Senior Account Executive","Topeka, KS, US","external_application","https://www.indeed.com/viewjob?jk=da1029704e1a4884"
"in-380db6f4d5d032c5","nan","Account Executive","Topeka, KS, US","external_application","https://www.indeed.com/viewjob?jk=380db6f4d5d032c5"
"in-3ce1a4c0d7de5bd9","UCX","Account Executive","Richmond, VA, US","external_application","https://www.indeed.com/viewjob?jk=3ce1a4c0d7de5bd9"
"in-fb155fd4440e2b1e","Angels Care Home Health","Account Executive","Denison, IA, US","external_application","https://www.indeed.com/viewjob?jk=fb155fd4440e2b1e"
"in-844dc14cf7bdf65c","Medical Services of America","Account Executive Home Health","Salem, VA, US","external_application","https://www.indeed.com/viewjob?jk=844dc14cf7bdf65c"
"in-3fe568fec3027f3d","PORTLAND TIMBERS","Account Executive, Ticket Sales","Portland, OR, US","external_application","https://www.indeed.com/viewjob?jk=3fe568fec3027f3d"
"in-13edb824a0898e91","PLA Buyer LLC","Logistics Account Representative","Orlando, FL, US","external_application","https://www.indeed.com/viewjob?jk=13edb824a0898e91"
"in-be194c46eae0f5a4","Angels Care Home Health","Account Executive","Pittsburg, KS, US","external_application","https://www.indeed.com/viewjob?jk=be194c46eae0f5a4"
"in-27e13d3cb3d34a45","Darktrace","Account Executive - Commercial","Austin, TX, US","external_application","https://www.indeed.com/viewjob?jk=27e13d3cb3d34a45"
"in-c1b8bbf1e7c862c2","Caris Life Sciences","Oncology Account Executive - Illinois","IL, US","external_application","https://www.indeed.com/viewjob?jk=c1b8bbf1e7c862c2"
"in-fc1656c3240830fa","nan","Account Representative","Centennial, CO, US","external_application","https://www.indeed.com/viewjob?jk=fc1656c3240830fa"
"in-6ca701e4242d971d","Ricoh","Account Sales Manager","Parsippany-Troy Hills, NJ, US","external_application","https://www.indeed.com/viewjob?jk=6ca701e4242d971d"
"in-5e445702fb2a444a","M&K Truck Centers","Leasing Account Executive","Toledo, OH, US","pending_review","https://www.indeed.com/viewjob?jk=5e445702fb2a444a"
"in-496ef78746d3a383","Elara Caring","Account Executive","Austin, TX, US","pending_review","https://www.indeed.com/viewjob?jk=496ef78746d3a383"
"in-c8221939208d1c3f","State Farm","Account Representative - State Farm Agent Team Member","McGregor, TX, US","pending_review","https://www.indeed.com/viewjob?jk=c8221939208d1c3f"
"in-c9079875b9d79bf4","State Farm","Account Representative - State Farm Agent Team Member","Myrtle Beach, SC, US","pending_review","https://www.indeed.com/viewjob?jk=c9079875b9d79bf4"
"in-9329c18590fb0762","Universal Coin & Bullion","Sales Account Representative","Beaumont, TX, US","pending_review","https://www.indeed.com/viewjob?jk=9329c18590fb0762"
"in-26b3c9b1e8391d63","nan","Logistics Account Executive","Franklin, TN, US","pending_review","https://www.indeed.com/viewjob?jk=26b3c9b1e8391d63"
"in-213dc9e89a71c50d","Pulliam Restoration","Account Executive","Charleston, SC, US","pending_review","https://www.indeed.com/viewjob?jk=213dc9e89a71c50d"
"in-65f4998e3a57f8ab","Bayfront Strategies","Account Representative - Entry Level","Pembroke Pines, FL, US","pending_review","https://www.indeed.com/viewjob?jk=65f4998e3a57f8ab"
"in-07a2d2333ef0ae62","State Farm","Account Representative - State Farm Agent Team Member","Georgetown, TX, US","external_application","https://www.indeed.com/viewjob?jk=07a2d2333ef0ae62"
"in-4bff691c9bbf5c91","Elara Caring","Account Executive","Round Rock, TX, US","external_application","https://www.indeed.com/viewjob?jk=4bff691c9bbf5c91"
"in-9841b073258227d3","Elara Caring","Account Executive","Austin, TX, US","external_application","https://www.indeed.com/viewjob?jk=9841b073258227d3"
"in-a9244827e04045ad","nan","INSURANCE ACCOUNT EXECUTIVE","Round Rock, TX, US","external_application","https://www.indeed.com/viewjob?jk=a9244827e04045ad"
"in-64f8e313301884f3","HelloLanding","Account Sales Executive","Austin, TX, US","external_application","https://www.indeed.com/viewjob?jk=64f8e313301884f3"
"in-2c1b35ceb5d67d22","Sealights","Senior Account Executive, TOLA","Austin, TX, US","external_application","https://www.indeed.com/viewjob?jk=2c1b35ceb5d67d22"
"in-4a98725b609724f7","Texas Fertility Center","Patient Account Representative (Check Out) Role at Texas Fertility Center","Austin, TX, US","external_application","https://www.indeed.com/viewjob?jk=4a98725b609724f7"
"in-f6ad6c64f2d88973","Goosehead Insurance","DoD SkillBridge: Corporate Sales Account Executive","Austin, TX, US","external_application","https://www.indeed.com/viewjob?jk=f6ad6c64f2d88973"
"in-40220ee3f145f50f","TRICENTIS","Senior Account Executive, TOLA","Austin, TX, US","external_application","https://www.indeed.com/viewjob?jk=40220ee3f145f50f"
"in-e5d90be44e3ecd49","Burson Global","Assistant Account Executive, Corporate Affairs","Austin, TX, US","external_application","https://www.indeed.com/viewjob?jk=e5d90be44e3ecd49"
"in-ec83386fabb8c48c","Burson Global","Assistant Account Executive, Corporate Affairs","Austin, TX, US","external_application","https://www.indeed.com/viewjob?jk=ec83386fabb8c48c"
"in-85a96bc91e243152","nan","Account Director","Austin, TX, US","external_application","https://www.indeed.com/viewjob?jk=85a96bc91e243152"
"in-8fdea8cb15d1040b","VML MAP","Account Director","Austin, TX, US","pending_review","https://www.indeed.com/viewjob?jk=8fdea8cb15d1040b"
"in-720a921b1b8a0bd7","Siemens","Building Automation Solutions Sales Account Executive","Austin, TX, US","external_application","https://www.indeed.com/viewjob?jk=720a921b1b8a0bd7"
"in-de1b243d11cdba24","Fox Corporation","FLX Account Executive","Austin, TX, US","external_application","https://www.indeed.com/viewjob?jk=de1b243d11cdba24"
"in-3125621ee0e86564","Apple","Higher Education Inside Sales Account Executive","Austin, TX, US","external_application","https://www.indeed.com/viewjob?jk=3125621ee0e86564"
"in-d1f333f5a3b57388","Virtusa","Account Director","Austin, TX, US","external_application","https://www.indeed.com/viewjob?jk=d1f333f5a3b57388"
"in-a78f21c3ff3a1c70","State Farm","Account Representative - State Farm Agent Team Member","Cedar Park, TX, US","external_application","https://www.indeed.com/viewjob?jk=a78f21c3ff3a1c70"
"in-9a90c17ee0c7bcfa","Altius Search Group","Inside Sales - Equipment Finance","Marietta, GA, US","external_application","https://www.indeed.com/viewjob?jk=9a90c17ee0c7bcfa"
"in-f8ac4c2a03628be7","AMD","Director, Global Demand Gen & Account-Based Experience (ABX)","Austin, TX, US","external_application","https://www.indeed.com/viewjob?jk=f8ac4c2a03628be7"
"in-2ed6efea57c3d03d","Smith","Account Management Intern","Austin, TX, US","external_application","https://www.indeed.com/viewjob?jk=2ed6efea57c3d03d"
"in-0f3837e722789edf","Turf Masters Brands","Outside Sales Consultant (Hybrid) - Turf Masters Lawn Care","Dallas, GA, US","external_application","https://www.indeed.com/viewjob?jk=0f3837e722789edf"
"in-a58fdbbf2061cc78","Q2ebanking","Senior Account Based Marketing Manager","Austin, TX, US","external_application","https://www.indeed.com/viewjob?jk=a58fdbbf2061cc78"
"in-07999eae128b9369","Phoenix Chirpractics","Direct Sales Closer – Community Outreach","Peachtree Corners, GA, US","external_application","https://www.indeed.com/viewjob?jk=07999eae128b9369"
"in-41cc9c8b86319174","USI Insurance Services","Commercial Lines Select Account Executive","Austin, TX, US","external_application","https://www.indeed.com/viewjob?jk=41cc9c8b86319174"
"in-b4c61b1463dae068","State Farm","Account Representative - State Farm Agent Team Member","Leander, TX, US","external_application","https://www.indeed.com/viewjob?jk=b4c61b1463dae068"
"in-2bcb21ab269642c4","nan","Strategic Partnership Manager - Sr Account Executive (Austin Metro)","Austin, TX, US","external_application","https://www.indeed.com/viewjob?jk=2bcb21ab269642c4"
"in-e0e305d9acf38d3b","FTS","Account Executive (Early GTM/Business Development)","Austin, TX, US","external_application","https://www.indeed.com/viewjob?jk=e0e305d9acf38d3b"
"in-4c29b67e2c264a19","Enverus","Account Director- Midstream - 25504","Austin, TX, US","external_application","https://www.indeed.com/viewjob?jk=4c29b67e2c264a19"
"in-478a3b7cfc32ead9","Alisha Windom Agency -Allstate","Insurance Agent","Carrollton, GA, US","external_application","https://www.indeed.com/viewjob?jk=478a3b7cfc32ead9"
"in-aaa9dcab3117b2d7","Lifecare Home Health Family","Account Executive/Client Liason","New Braunfels, TX, US","pending_review","https://www.indeed.com/viewjob?jk=aaa9dcab3117b2d7"
"in-b9d4109e18e99850","State Farm","Account Representative - State Farm Agent Team Member","Austin, TX, US","pending_review","https://www.indeed.com/viewjob?jk=b9d4109e18e99850"
"in-336c5750a2994931","Braze","Customer Account Executive, Emerging Enterprise","Austin, TX, US","pending_review","https://www.indeed.com/viewjob?jk=336c5750a2994931"
"in-8179e82039006b4a","Advance Auto Parts","Commercial Parts Pro","Acworth, GA, US","external_application","https://www.indeed.com/viewjob?jk=8179e82039006b4a"
"in-172f60078b1d76af","nan","Licensed Real Estate Buyer’S Sales Agent - Full-Time","Peachtree City, GA, US","external_application","https://www.indeed.com/viewjob?jk=172f60078b1d76af"
"in-a658e1d7dc8a8f44","KW First Atlanta","Commercial Real Estate Sales Specialist","Sandy Springs, GA, US","external_application","https://www.indeed.com/viewjob?jk=a658e1d7dc8a8f44"
"in-c210764c009f2fc6","Intuit","Manager, Money Outbound","Atlanta, GA, US","external_application","https://www.indeed.com/viewjob?jk=c210764c009f2fc6"
"in-5b56a2a1f1f4c663","Intuit","Merchant Service Senior Account Executive, Hybrid","Atlanta, GA, US","external_application","https://www.indeed.com/viewjob?jk=5b56a2a1f1f4c663"
"in-b6e1d13d19eca5d5","Cox Media Group","Local Sales Assistant - WSB TV","Atlanta, GA, US","external_application","https://www.indeed.com/viewjob?jk=b6e1d13d19eca5d5"
"in-ef731ab88e58d92a","The McPherson Companies, Inc","Customer Account and Sales Coordinator","Atlanta, GA, US","external_application","https://www.indeed.com/viewjob?jk=ef731ab88e58d92a"
"in-926f9c6436130cc9","KW First Atlanta","Sports & Entertainment Real Estate Sales Specialist","Sandy Springs, GA, US","external_application","https://www.indeed.com/viewjob?jk=926f9c6436130cc9"
"in-9c1b1c1141502e39","nan","Licensed Real Estate Sales Agent | Real Estate Salesperson","Conyers, GA, US","pending_review","https://www.indeed.com/viewjob?jk=9c1b1c1141502e39"
"in-08e2c3627cb5181e","nan","Licensed Real Estate Buyer’S Agent | Full-Time","Conyers, GA, US","pending_review","https://www.indeed.com/viewjob?jk=08e2c3627cb5181e"
"in-6902cb1055e29abf","nan","Real Estate Sales Agent","Peachtree City, GA, US","pending_review","https://www.indeed.com/viewjob?jk=6902cb1055e29abf"
"in-5889119224229b75","nan","Licensed Real Estate Listing Agent","Peachtree City, GA, US","pending_review","https://www.indeed.com/viewjob?jk=5889119224229b75"
"in-80457f0b808782a5","KW First Atlanta","Entry-Level Real Estate Sales Agent","Sandy Springs, GA, US","pending_review","https://www.indeed.com/viewjob?jk=80457f0b808782a5"
"in-4bda9e592085b322","nan","Licensed Real Estate Sales Agent","Kennesaw, GA, US","pending_review","https://www.indeed.com/viewjob?jk=4bda9e592085b322"
"in-5dc69c3f77bf489a","nan","Licensed Real Estate Listing Agent | Full-Time","Kennesaw, GA, US","pending_review","https://www.indeed.com/viewjob?jk=5dc69c3f77bf489a"
"in-c9f0ff7121b4c366","nan","Licensed Real Estate Buyer’S Agent | Full-Time","Kennesaw, GA, US","pending_review","https://www.indeed.com/viewjob?jk=c9f0ff7121b4c366"
"in-7341e242864c3669","nan","Customer Service Representative","Newnan, GA, US","pending_review","https://www.indeed.com/viewjob?jk=7341e242864c3669"
"in-e5532830ca4548e2","Phoenix Chiropractic","Entry level sales representative","Peachtree Corners, GA, US","pending_review","https://www.indeed.com/viewjob?jk=e5532830ca4548e2"
"in-c2a5778527dd1b4e","nan","Real Estate Sales Listing Specialist","Conyers, GA, US","pending_review","https://www.indeed.com/viewjob?jk=c2a5778527dd1b4e"
"in-a0067877d52338a5","nan","Roofing Sales Representative","Newnan, GA, US","pending_review","https://www.indeed.com/viewjob?jk=a0067877d52338a5"
"in-376185f682caef40","Fetch","Travel Pet Insurance Sales Associate - Atlanta, GA","Atlanta, GA, US","external_application","https://www.indeed.com/viewjob?jk=376185f682caef40"
"in-945d1f626508febd","Barnes & Thornburg LLP","Senior Client Growth Manager","Atlanta, GA, US","external_application","https://www.indeed.com/viewjob?jk=945d1f626508febd"
"in-30ee84716851550d","Coca-Cola Bottling Company UNITED, Inc.","CDL Driver Merchandiser","Atlanta, GA, US","external_application","https://www.indeed.com/viewjob?jk=30ee84716851550d"
"in-7b1c53e66e0a2da3","FINDLAY ROOFING","Contact Center Representative","Marietta, GA, US","external_application","https://www.indeed.com/viewjob?jk=7b1c53e66e0a2da3"
"in-51cdc0944cc117a7","NAPA Auto Parts","Senior Manager, Sales Technology","Atlanta, GA, US","external_application","https://www.indeed.com/viewjob?jk=51cdc0944cc117a7"
"in-3d1a348aaeb0ef75","Big Bear Restoration","Sales and Marketing Specialist","Marietta, GA, US","external_application","https://www.indeed.com/viewjob?jk=3d1a348aaeb0ef75"
"in-969678e962d975d5","Coca-Cola Bottling Company UNITED, Inc.","CDL Driver Merchandiser","North Metro, GA, US","external_application","https://www.indeed.com/viewjob?jk=969678e962d975d5"
"in-e175470b5a12afb9","Transportation Auction Consultants","Outside Sales Representative Auction Company","Moreland, GA, US","external_application","https://www.indeed.com/viewjob?jk=e175470b5a12afb9"
"in-cc74e1f7702419b1","Transportation Auction Consultants","Outside Sales Representative Auction Company","Moreland, GA, US","external_application","https://www.indeed.com/viewjob?jk=cc74e1f7702419b1"
"in-38bd783f330ff8ba","Modern Dental Laboratory Canada","Dental Lab Business Development","Atlanta, GA, US","external_application","https://www.indeed.com/viewjob?jk=38bd783f330ff8ba"
"in-74b370a65d36e62e","State Farm","Customer Service Representative - State Farm Agent Team Member","Canton, GA, US","external_application","https://www.indeed.com/viewjob?jk=74b370a65d36e62e"
"in-1f6354779535b98a","ZimVie","Territory Sales Representative (Northeast Atlanta)","Atlanta, GA, US","external_application","https://www.indeed.com/viewjob?jk=1f6354779535b98a"
"in-0676c960a02d7284","Synchrony","AVP, Field Sales Manager - Belk","Atlanta, GA, US","external_application","https://www.indeed.com/viewjob?jk=0676c960a02d7284"
"in-14f1536fbdd86f5c","OneTrust","Renewals Associate II","Atlanta, GA, US","external_application","https://www.indeed.com/viewjob?jk=14f1536fbdd86f5c"
"in-49ab187cdeeadf9b","nan","Sales Engineer","Atlanta, GA, US","pending_review","https://www.indeed.com/viewjob?jk=49ab187cdeeadf9b"
"in-bc6eb7d8ef8e2b41","VML","Account Director","Atlanta, GA, US","pending_review","https://www.indeed.com/viewjob?jk=bc6eb7d8ef8e2b41"
"in-3d1d03dbc049f7be","Roofing Integration Holdings- Northpoint Roofing Systems","Frontline Sales Associate","Kennesaw, GA, US","pending_review","https://www.indeed.com/viewjob?jk=3d1d03dbc049f7be"
"in-6836ee76ab842a9a","Taboola","Team Lead, Advertising Account Management","Atlanta, GA, US","pending_review","https://www.indeed.com/viewjob?jk=6836ee76ab842a9a"
"in-83c1de292eb71a78","Elevate Acquisitions Inc.","Customer Service & Sales Ambassador","Atlanta, GA, US","pending_review","https://www.indeed.com/viewjob?jk=83c1de292eb71a78"
"in-424810863fe6c7d5","nan","Project and Sales Consultant","Chamblee, GA, US","pending_review","https://www.indeed.com/viewjob?jk=424810863fe6c7d5"
"in-56364414085fc3eb","State Farm","Customer Service Representative - State Farm Agent Team Member","Buford, GA, US","pending_review","https://www.indeed.com/viewjob?jk=56364414085fc3eb"
"in-7f4fcdae933b7bb6","American Hearing Care","Medical Device Sales Representative (Base+ Commission)","Kennesaw, GA, US","pending_review","https://www.indeed.com/viewjob?jk=7f4fcdae933b7bb6"
"in-252f8c6fb53112a0","CONMED","Associate Sales Representative - Advanced Surgical - Atlanta","Atlanta, GA, US","external_application","https://www.indeed.com/viewjob?jk=252f8c6fb53112a0"
"in-777f1364a1ed7b58","Shepard Exposition Services","National Sales Manager, Audio Visual","Atlanta, GA, US","external_application","https://www.indeed.com/viewjob?jk=777f1364a1ed7b58"
"in-0355c328d8badcaa","Praxis Management Group, inc","Sales Manager Trainee","Atlanta, GA, US","external_application","https://www.indeed.com/viewjob?jk=0355c328d8badcaa"
"in-0213326f1c595630","Ganz","Outside Sales Representative","Gainesville, GA, US","external_application","https://www.indeed.com/viewjob?jk=0213326f1c595630"
"in-53d4d00a1835d844","Nafeco","Sales Support Specialist","Clarkston, GA, US","external_application","https://www.indeed.com/viewjob?jk=53d4d00a1835d844"
"in-0c867d817f262493","Inspire Network","Showing Assistant Real Estate","Marietta, GA, US","pending_review","https://www.indeed.com/viewjob?jk=0c867d817f262493"
"in-d42e92639eaac913","Inspire Network","Real Estate Agent","Atlanta, GA, US","pending_review","https://www.indeed.com/viewjob?jk=d42e92639eaac913"
"in-abad5a4e86e8b871","Yancey Bros CO.","Business Development Representative","Dacula, GA, US","external_application","https://www.indeed.com/viewjob?jk=abad5a4e86e8b871"
"in-37f5cb06f2b914db","UKG","Sr Customer Engagement Partner - Global Pay","Atlanta, GA, US","external_application","https://www.indeed.com/viewjob?jk=37f5cb06f2b914db"
"in-fcb1502a68e3020e","Aimbridge Hospitality","AC Hotel Atlanta Downtown - Sales Coordinator","Atlanta, GA, US","external_application","https://www.indeed.com/viewjob?jk=fcb1502a68e3020e"
"in-ecd1fbd584203f16","Ryerson","Account Representative","Norcross, GA, US","external_application","https://www.indeed.com/viewjob?jk=ecd1fbd584203f16"
"in-320799cffea1af87","Yancey Bros CO.","Business Development Representative","Austell, GA, US","external_application","https://www.indeed.com/viewjob?jk=320799cffea1af87"
"in-b63385020e313bca","Inspire Network","Real Estate Agent","Marietta, GA, US","external_application","https://www.indeed.com/viewjob?jk=b63385020e313bca"
"in-aba22e157fa771c9","State Farm","Account Representative - State Farm Agent Team Member","Griffin, GA, US","external_application","https://www.indeed.com/viewjob?jk=aba22e157fa771c9"
"in-19029451d975972a","Inspire Network","Showing Assistant Real Estate","Cartersville, GA, US","external_application","https://www.indeed.com/viewjob?jk=19029451d975972a"
"in-a0793811ccb15200","UNITED GRANITE DISTRIBUTORS INC","Experienced Outside Sales Representative","Norcross, GA, US","external_application","https://www.indeed.com/viewjob?jk=a0793811ccb15200"
"in-829eb7f88a1c6394","Inspire Network","Real Estate Agent","Atlanta, GA, US","pending_review","https://www.indeed.com/viewjob?jk=829eb7f88a1c6394"
"in-04f8ae7ee4df1dd8","TruGreen","Contact Center Sales Team Lead","Acworth, GA, US","pending_review","https://www.indeed.com/viewjob?jk=04f8ae7ee4df1dd8"
"in-520f12d11d45ac28","Unwired","Door-to-Door Sales Representative (High Commission Opportunity)","Tyler, TX, US","external_application","https://www.indeed.com/viewjob?jk=520f12d11d45ac28"
"in-0720ce666f56519a","ExperiGreen","Sales Representative","Charlotte, NC, US","external_application","https://www.indeed.com/viewjob?jk=0720ce666f56519a"
"in-69ed9d8f329259aa","nan","Marketing & Sales Representative","Kingsley, MI, US","external_application","https://www.indeed.com/viewjob?jk=69ed9d8f329259aa"
"in-f60b4e8e558e49cb","New Perspective","Sales Director","Mentor, OH, US","external_application","https://www.indeed.com/viewjob?jk=f60b4e8e558e49cb"
"in-2c8fbaca74d3f788","Farmers Insurance Group","Insurance Sales Manager","Warrensburg, MO, US","external_application","https://www.indeed.com/viewjob?jk=2c8fbaca74d3f788"
"in-d724437887ca2095","nan","Event Sales Representative","Mount Pleasant, MI, US","external_application","https://www.indeed.com/viewjob?jk=d724437887ca2095"
"in-ea27c43e2fe14696","nan","Acquisitions Partner","Spring, TX, US","external_application","https://www.indeed.com/viewjob?jk=ea27c43e2fe14696"
"in-fa3b6a8714082bdf","Tyson Foods Incorporated","Customer Development Manager - Wegman's","Springdale, AR, US","external_application","https://www.indeed.com/viewjob?jk=fa3b6a8714082bdf"
"in-8e529c86c2de616e","Larry's Gutters","Sales Representative","Leesburg, FL, US","external_application","https://www.indeed.com/viewjob?jk=8e529c86c2de616e"
"in-156679f637fabe58","Honey Baked Ham Co. LLC","Sales Team Leader","Durham, NC, US","external_application","https://www.indeed.com/viewjob?jk=156679f637fabe58"
"in-8e99056f712b5050","Freeway Insurance Services America, LLC","Insurance Sales Store Manager","Troy, AL, US","external_application","https://www.indeed.com/viewjob?jk=8e99056f712b5050"
"in-9c761420496be4ab","Checkout.com","Senior Manager, Sales Engineering","Atlanta, GA, US","external_application","https://www.indeed.com/viewjob?jk=9c761420496be4ab"
"in-f6af76881e07c6d2","Abbott","Advanced Clinical Expert, CardioMEMS - Northern New Jersey/New York City","New York, NY, US","external_application","https://www.indeed.com/viewjob?jk=f6af76881e07c6d2"
"in-a342b350801bca23","Abbott","Advanced Clinical Expert, CardioMEMS - Phoenix, AZ/Los Angeles, CA","Los Angeles, CA, US","external_application","https://www.indeed.com/viewjob?jk=a342b350801bca23"
"in-038ceb9bbd88cbe3","Aqua Flight","Tender Division Manager","Fort Lauderdale, FL, US","external_application","https://www.indeed.com/viewjob?jk=038ceb9bbd88cbe3"
"in-06afee05bc9e532d","BeMobile","Wireless Sales Representative","Ruston, LA, US","pending_review","https://www.indeed.com/viewjob?jk=06afee05bc9e532d"
"in-5e6bb0de568016a4","Hawthorne CAT","Hilo Sales and Service Advisor","Hilo, HI, US","pending_review","https://www.indeed.com/viewjob?jk=5e6bb0de568016a4"
"in-21e208c1a4c40f16","ExperiGreen","Sales Representative","West Chester, OH, US","pending_review","https://www.indeed.com/viewjob?jk=21e208c1a4c40f16"
"in-5470c2d96c11b9f5","ExperiGreen","Sales Representative","Hartville, OH, US","pending_review","https://www.indeed.com/viewjob?jk=5470c2d96c11b9f5"
"in-2cfa8daa3a7de223","Checkout.com","Manager, Sales Engineering","Atlanta, GA, US","pending_review","https://www.indeed.com/viewjob?jk=2cfa8daa3a7de223"
"in-df404efe0ac0c28b","HomeCo.","Kitchen & Bath Sales Representative","El Monte, CA, US","pending_review","https://www.indeed.com/viewjob?jk=df404efe0ac0c28b"
"in-5eee0de7f51250ef","Freeway Insurance Services America, LLC","Insurance Agent (Sales, Customer Service)","Stockton, CA, US","pending_review","https://www.indeed.com/viewjob?jk=5eee0de7f51250ef"
"in-8a350fc15d5f3731","Vestis","Route Sales Support Driver","Chesapeake, VA, US","external_application","https://www.indeed.com/viewjob?jk=8a350fc15d5f3731"
"in-933c0f4fdd4519b7","Abbott","Advanced Clinical Expert, CardioMEMS- Detroit, MI","Detroit, MI, US","external_application","https://www.indeed.com/viewjob?jk=933c0f4fdd4519b7"
"in-0f6db62e61eaf748","Abbott","Regional Sales Director, CardioMEMS - Austin, TX","Austin, TX, US","external_application","https://www.indeed.com/viewjob?jk=0f6db62e61eaf748"
"in-b268e151e253d8ca","Abbott","Diabetes Sales Specialist - Cleveland, OH","Cleveland, OH, US","external_application","https://www.indeed.com/viewjob?jk=b268e151e253d8ca"
"in-581b5f919a4897b2","Abbott","Advanced Clinical Expert, CardioMEMS - Virginia/North Carolina","Charlotte, NC, US","external_application","https://www.indeed.com/viewjob?jk=581b5f919a4897b2"
"in-6f2ca88babde7e68","Abbott","Senior Clinical Specialist","Seattle, WA, US","external_application","https://www.indeed.com/viewjob?jk=6f2ca88babde7e68"
"in-0e3150587228cc2c","MELISSA ARNOLD-District Office","Farmers Insurance Sales Rep","Auburn, WA, US","external_application","https://www.indeed.com/viewjob?jk=0e3150587228cc2c"
"in-b71ba86d24bcc798","Odis Brown Refrigeration Service Inc","HVAC Sales Representative","Freeport, FL, US","external_application","https://www.indeed.com/viewjob?jk=b71ba86d24bcc798"
"in-48cf3cd2cc0110c2","Farmers District 05","Insurance Agency Franchise","Bixby, OK, US","external_application","https://www.indeed.com/viewjob?jk=48cf3cd2cc0110c2"
"in-2f040f312af35eb1","Abbott","Advanced Clinical Expert, CardioMEMS - Houston","Houston, TX, US","external_application","https://www.indeed.com/viewjob?jk=2f040f312af35eb1"
"in-ffd7462eeeee20ba","Chalk","VP of Sales","San Francisco, CA, US","external_application","https://www.indeed.com/viewjob?jk=ffd7462eeeee20ba"
"in-420c00b39916dd74","Abbott","Regional Sales Director, CardioMEMS - Los Angeles, CA/Phoenix, AZ","Phoenix, AZ, US","external_application","https://www.indeed.com/viewjob?jk=420c00b39916dd74"
"in-09d72f6feff179ec","Abbott","Advanced Clinical Expert, CardioMEMS - Philadelphia, PA","Philadelphia, PA, US","external_application","https://www.indeed.com/viewjob?jk=09d72f6feff179ec"
"in-7d47ac0c6c64073b","Culligan Water","Sales Representative","Mason City, IA, US","pending_review","https://www.indeed.com/viewjob?jk=7d47ac0c6c64073b"
"in-fe9a4662f21d552a","RISE Association Management Group","Business Development Representative","San Antonio, TX, US","pending_review","https://www.indeed.com/viewjob?jk=fe9a4662f21d552a"
"in-57f8515e7c69a6b9","Five9","Senior Director, Field & Partner Marketing","San Francisco, CA, US","pending_review","https://www.indeed.com/viewjob?jk=57f8515e7c69a6b9"
"in-fff88024042bcb35","Birmingham Pest and Mosquito Control","Inside Sales Representative","Birmingham, AL, US","pending_review","https://www.indeed.com/viewjob?jk=fff88024042bcb35"
"in-7c76238ddc5cb090","Four Star Homes","Florida REALTORS®: Add a Second Commission Stream","Vero Beach, FL, US","pending_review","https://www.indeed.com/viewjob?jk=7c76238ddc5cb090"
"in-cd64a2e972f043f6","All About Boats","Boat Salesperson","Osage Beach, MO, US","external_application","https://www.indeed.com/viewjob?jk=cd64a2e972f043f6"
"in-81c0af58c8e818a9","Clean Harbors","Sales and Service Rep (Hourly)","Cranston, RI, US","external_application","https://www.indeed.com/viewjob?jk=81c0af58c8e818a9"
"in-fe621abd59a76d2c","PartsSource","Customer Care Coordinator","Hudson, OH, US","external_application","https://www.indeed.com/viewjob?jk=fe621abd59a76d2c"
"in-f349f31460856c48","Harris Teeter","Full Time Lead Personal Shopper","Raleigh, NC, US","external_application","https://www.indeed.com/viewjob?jk=f349f31460856c48"
"in-04c89479813967bb","Snowflake","Principal Solution Engineer","CA, US","external_application","https://www.indeed.com/viewjob?jk=04c89479813967bb"
"in-b67134740153674e","Clean Harbors","CLH IS District Sales Mgr","Nashville, TN, US","external_application","https://www.indeed.com/viewjob?jk=b67134740153674e"
"in-03a7081fb0dff891","BURNCO Rock Products Ltd","Sales Representative","Westminster, CO, US","external_application","https://www.indeed.com/viewjob?jk=03a7081fb0dff891"
"in-fff6c03a1ad97c82","Clean Harbors","CDL B Sales & Service Driver (CDL Sponsorship Available)","Cloquet, MN, US","external_application","https://www.indeed.com/viewjob?jk=fff6c03a1ad97c82"
"in-7bbfcc27305b0264","FRDM Turf","Entry Level Sales Representative","Denver, CO, US","external_application","https://www.indeed.com/viewjob?jk=7bbfcc27305b0264"
"in-5766c209bc9de5a9","Clean Harbors","CLH IS District Sales Mgr","Sumter, SC, US","external_application","https://www.indeed.com/viewjob?jk=5766c209bc9de5a9"
"in-0c93d0be5e6f03ba","Farmers Insurance Group","Insurance Agency Leader","Blue Springs, MO, US","external_application","https://www.indeed.com/viewjob?jk=0c93d0be5e6f03ba"
"in-35d913923ee59f5d","Snowflake","Sr. Partner Development Manager, Enterprise Technologies","CA, US","external_application","https://www.indeed.com/viewjob?jk=35d913923ee59f5d"
"in-e7b15df027bb01bd","Snowflake","Solution Engineer","CA, US","external_application","https://www.indeed.com/viewjob?jk=e7b15df027bb01bd"
"in-5bf7f7a391aa45fb","Arrow Exterminators","Outside Sales Representative / Pest Control","Decatur, TX, US","external_application","https://www.indeed.com/viewjob?jk=5bf7f7a391aa45fb"
"in-5ad4635922e90b5c","FRDM Turf","Entry Level Sales - Training Provided","Salt Lake City, UT, US","external_application","https://www.indeed.com/viewjob?jk=5ad4635922e90b5c"
"in-9d7f0f9e13a4dc63","Clean Harbors","Local CDL Sales Route Driver","Linden, NJ, US","external_application","https://www.indeed.com/viewjob?jk=9d7f0f9e13a4dc63"
"in-720e4b40c4f26421","Harris Teeter","Full Time Express Lane Supervisor","Charleston, SC, US","external_application","https://www.indeed.com/viewjob?jk=720e4b40c4f26421"
"in-422260f63dc99ac8","nan","Bilingual Customer Service Representative","Austin, TX, US","pending_review","https://www.indeed.com/viewjob?jk=422260f63dc99ac8"
"in-7868894b733a541a","GeoTek Operations Limited","Soils Technician (Experienced and Entry Level)","Las Vegas, NV, US","pending_review","https://www.indeed.com/viewjob?jk=7868894b733a541a"
"in-8b23d19a0724595e","Van Ness Family Agency Farm Bureau Insurance of Michigan","Insurance Sales Support / Quoting Specialist","Midland, MI, US","pending_review","https://www.indeed.com/viewjob?jk=8b23d19a0724595e"
"in-37787da45f4faa07","Shane Smith Law","Entry Level Demands Specialist","Charlotte, NC, US","external_application","https://www.indeed.com/viewjob?jk=37787da45f4faa07"
"in-6d4fd08ed8f4dbae","Shane Smith Law","Entry-Level Case Coordinator","Charlotte, NC, US","external_application","https://www.indeed.com/viewjob?jk=6d4fd08ed8f4dbae"
"in-5140e33490c1fbd0","Buckle","Seasonal Part-Time Sales Teammate","Columbus, NE, US","external_application","https://www.indeed.com/viewjob?jk=5140e33490c1fbd0"
"in-5de7d93f9c6615a3","Nokia","Business Development Manager","US","external_application","https://www.indeed.com/viewjob?jk=5de7d93f9c6615a3"
"in-f13961f28e749c4b","nan","Business Development","Ballwin, MO, US","external_application","https://www.indeed.com/viewjob?jk=f13961f28e749c4b"
"in-a2a44ad85063a11a","Shane Smith Law","Entry Level Bilingual Intake Specialist","Peachtree City, GA, US","external_application","https://www.indeed.com/viewjob?jk=a2a44ad85063a11a"
"in-50db144718fde12a","Caris Life Sciences","Director - Market Access West","CA, US","external_application","https://www.indeed.com/viewjob?jk=50db144718fde12a"
"in-998adb36b85a81db","United Rentals","Sales Development Program Sales Associate","Boston, MA, US","external_application","https://www.indeed.com/viewjob?jk=998adb36b85a81db"
"in-76ec8c68bae457c4","Heritage Coffee Roasting Co.","Customer Service Representative/Sales Associate","Juneau, AK, US","external_application","https://www.indeed.com/viewjob?jk=76ec8c68bae457c4"
"in-4f57980fe85672b3","AEG Worldwide","Spring Intern, Premium Sales & Business Development–Crypto.com Arena","Los Angeles, CA, US","external_application","https://www.indeed.com/viewjob?jk=4f57980fe85672b3"
"in-9f9125df741b7991","FRDM Turf","Entry Level Sales - Training Provided","Phoenix, AZ, US","external_application","https://www.indeed.com/viewjob?jk=9f9125df741b7991"
"in-ba61a9aef78269c2","Freedom Behavioral Program of DeQuincy","Service Develop Rep","DeQuincy, LA, US","external_application","https://www.indeed.com/viewjob?jk=ba61a9aef78269c2"
"in-c4d004258d6afb58","C.A. Murren and Sons","Business Development","Herndon, VA, US","pending_review","https://www.indeed.com/viewjob?jk=c4d004258d6afb58"
"in-09bbcaa1eb75c9cc","PharmaCann","General Manager","Romeoville, IL, US","pending_review","https://www.indeed.com/viewjob?jk=09bbcaa1eb75c9cc"
"in-23666f51e66ba0c7","Shane Smith Law","Entry-Level Bilingual Case Coordinator","Charlotte, NC, US","pending_review","https://www.indeed.com/viewjob?jk=23666f51e66ba0c7"
"in-00443277dc8fd8fe","Beachler's Vehicle Care & Repair","Client Experience Rep - Family Auto Repair Shop Since 1951 (Up to $60K / No Weekends / Benefits)","Peoria, IL, US","pending_review","https://www.indeed.com/viewjob?jk=00443277dc8fd8fe"
"in-0f43836f6affcda6","Atlantic Diesel Service, Inc.","Parts & Service - Entry Level","Hertford, NC, US","pending_review","https://www.indeed.com/viewjob?jk=0f43836f6affcda6"
"in-d50730ec3e9c5f35","United Rentals","Sales Development Program Sales Associate - Fluid Solutions","Oxford, MA, US","external_application","https://www.indeed.com/viewjob?jk=d50730ec3e9c5f35"
"in-d30bb268d702f16b","Shane Smith Law","Entry Level Intake Specialist","Peachtree City, GA, US","external_application","https://www.indeed.com/viewjob?jk=d30bb268d702f16b"
"in-074cc7d6f5d02e3b","Superior Industrial Solutions","Sales Representative","Arnold, MO, US","pending_review","https://www.indeed.com/viewjob?jk=074cc7d6f5d02e3b"
"in-48aac97b1a0f0d51","nan","Outside Sales Representative","San Antonio, TX, US","external_application","https://www.indeed.com/viewjob?jk=48aac97b1a0f0d51"
"in-d02edd63e573ffaf","nan","On Premise Sales Representative","Charlotte, NC, US","external_application","https://www.indeed.com/viewjob?jk=d02edd63e573ffaf"
"in-25b21ce9d222711d","Cash Cow - Louisiana","Sales Representative","Kenner, LA, US","external_application","https://www.indeed.com/viewjob?jk=25b21ce9d222711d"
"in-1b9979063eca0d64","Rexel","Inside Sales Representative","Eagle, CO, US","external_application","https://www.indeed.com/viewjob?jk=1b9979063eca0d64"
"in-5aa49e58d33ff86f","Omega Truss Systems Inc","Sales Representative – Truss Division","Thousand Palms, CA, US","external_application","https://www.indeed.com/viewjob?jk=5aa49e58d33ff86f"
"in-cbd615896c98f7bc","Texas Car Title & Payday Loan Services, Inc","Sales Representative","Sachse, TX, US","external_application","https://www.indeed.com/viewjob?jk=cbd615896c98f7bc"
"in-7e19b7f32ca99a28","Valet Living","Client Success Manager (CSM), MultiPro Property Solutions","Denver, CO, US","external_application","https://www.indeed.com/viewjob?jk=7e19b7f32ca99a28"
"in-5e3c7b8bb01ccb95","MARION GOODWILL INDUSTRIES INC","Retail Sales Associate – Apparel Sorting (Entry Level)","Westerville, OH, US","external_application","https://www.indeed.com/viewjob?jk=5e3c7b8bb01ccb95"
"in-782451bc915976da","FRDM Turf","Entry Level Sales Representative","Saint George, UT, US","external_application","https://www.indeed.com/viewjob?jk=782451bc915976da"
"in-81a44e371862010f","nan","Director, Business Development Texas / MidWes","Doylestown, PA, US","external_application","https://www.indeed.com/viewjob?jk=81a44e371862010f"
"in-0087b766824efddd","Seatronics, Inc.","Service Sales Representative","Auburn, WA, US","external_application","https://www.indeed.com/viewjob?jk=0087b766824efddd"
"in-0f6d58bd4f873d7b","PALMETTO INFUSION","Clinical Nurse Liaison - Home IV","Macon, GA, US","external_application","https://www.indeed.com/viewjob?jk=0f6d58bd4f873d7b"
"in-af1f3489e9f623b6","Valet Living","Client Success Manager (CSM), MultiPro Property Solutions","San Jose, CA, US","external_application","https://www.indeed.com/viewjob?jk=af1f3489e9f623b6"
"in-26a017bfa85798b0","Pierce Aluminum Company Inc","New Business Development Representative","Mandeville, LA, US","external_application","https://www.indeed.com/viewjob?jk=26a017bfa85798b0"
"in-deee8c7aba17b42c","ISHIR","Client Success Manager","Dallas, TX, US","external_application","https://www.indeed.com/viewjob?jk=deee8c7aba17b42c"
"in-8ea0f3706764e597","MICHAELS WILDER, INC.","Client Success Manager","Phoenix, AZ, US","external_application","https://www.indeed.com/viewjob?jk=8ea0f3706764e597"
"in-13b91d9610db275f","Valet Living","Client Success Manager (CSM), MultiPro Property Solutions","Phoenix, AZ, US","external_application","https://www.indeed.com/viewjob?jk=13b91d9610db275f"
"in-c8ad30dd64389a73","Southern Motor Carriers","Manager, Client Success","Peachtree City, GA, US","external_application","https://www.indeed.com/viewjob?jk=c8ad30dd64389a73"
"in-42fb5729d62f6072","Valet Living","Client Success Manager (CSM), MultiPro Property Solutions","Dallas, TX, US","external_application","https://www.indeed.com/viewjob?jk=42fb5729d62f6072"
"in-6e4590af0941cee5","Rewards Network","Client Success Manager-Hybrid in Chicago","Chicago, IL, US","external_application","https://www.indeed.com/viewjob?jk=6e4590af0941cee5"
"in-947b7c47370144ee","Blue Los Angeles Services","AT&T Representative (Entry Level)","South Gate, CA, US","pending_review","https://www.indeed.com/viewjob?jk=947b7c47370144ee"
"in-7ef5c469a26d12c1","CREATIVE BLINDS","Client Success Manager (CSM)","Houston, TX, US","pending_review","https://www.indeed.com/viewjob?jk=7ef5c469a26d12c1"
"in-3c9baa1c902a55b2","Blue Canyon Technologies","Sr. Business Development Manager","Lafayette, CO, US","pending_review","https://www.indeed.com/viewjob?jk=3c9baa1c902a55b2"
"in-5ab57e199fbfe612","Cordialsa USA","Sales Representative Merchandiser","Springfield, MA, US","pending_review","https://www.indeed.com/viewjob?jk=5ab57e199fbfe612"
"in-9cc98ba323eae752","B&F CONTRACTING","Business Development Manager","Phoenix, AZ, US","pending_review","https://www.indeed.com/viewjob?jk=9cc98ba323eae752"
"in-8b3352f80e55fdee","nan","Sales Representative - Farmers Insurance","Manhattan, KS, US","pending_review","https://www.indeed.com/viewjob?jk=8b3352f80e55fdee"
"in-5a2ce2859351e823","Locality","Client Success Manager - Programmatic","New York, NY, US","external_application","https://www.indeed.com/viewjob?jk=5a2ce2859351e823"
"in-68dfb2347431d231","oura","Entry-Level Fundraising & Community Outreach Associate","Tampa, FL, US","pending_review","https://www.indeed.com/viewjob?jk=68dfb2347431d231"
"in-250e5e36b1bfcfc0","AppWork","Client Success Manager - Property Management","Ramsey, NJ, US","external_application","https://www.indeed.com/viewjob?jk=250e5e36b1bfcfc0"
"in-be12675020500c60","FIS","Client Success Manager","New York, NY, US","external_application","https://www.indeed.com/viewjob?jk=be12675020500c60"
"in-257a7fc966b7fe66","Locality","Client Success Manager - NYC or ATL","New York, NY, US","external_application","https://www.indeed.com/viewjob?jk=257a7fc966b7fe66"
"in-56f4b5586e3ad952","Navigator Business Solutions","Client Success Manager","Saint George, UT, US","pending_review","https://www.indeed.com/viewjob?jk=56f4b5586e3ad952"
